{"type": "FeatureCollection", "features": [{"type": "Feature", "geometry": {"type": "Polygon", "coordinates": [[[203383.973375679, 9197259.722711952], [203366.44962184597, 9197261.535664609], [203348.19333533384, 9197269.20859662], [203325.70370702073, 9197277.67528022], [203298.98073690943, 9197290.11072176], [203277.28486018535, 9197302.016995572], [203248.97438689787, 9197320.80244981], [203233.89310673345, 9197333.50247521], [203222.79811392725, 9197349.448486948], [203198.61940425262, 9197451.121834874], [203170.04316060152, 9197500.159363043], [203147.7617000006, 9197457.6213], [203144.43621514458, 9197451.110002056], [203130.68329999875, 9197424.1818], [203120.04480000027, 9197408.9506], [203113.22860000003, 9197401.0101], [203108.2117999997, 9197395.6083], [203099.6601000009, 9197387.657500003], [203092.59360000212, 9197382.0066], [203088.6657999996, 9197379.218300002], [203083.78750000056, 9197377.0563], [203078.51340000145, 9197375.129], [203070.71590000018, 9197373.0288], [203044.63060000166, 9197368.529100003], [203029.91719101183, 9197366.066152161], [203009.40249999892, 9197362.632100003], [202995.14430000074, 9197359.1505], [202985.54140000138, 9197355.538500002], [202970.83430000022, 9197347.946200002], [202956.9930999996, 9197340.675], [202952.18030000106, 9197338.487100001], [202950.01254576165, 9197350.778661728], [202931.90884961188, 9197351.091336321], [202914.48600226268, 9197352.070296615], [202882.2067710366, 9197360.206250388], [202859.31511210185, 9197370.70990871], [202860.5970777506, 9197376.247587672], [202863.95342123695, 9197386.389192974], [202866.79700000025, 9197394.9812], [202869.87452122197, 9197406.13939415], [202870.14350000024, 9197407.1146], [202872.6871000016, 9197421.6132], [202872.72628440987, 9197421.843548255], [202874.97400000133, 9197435.056900002], [202875.18361028098, 9197436.624035656], [202876.73649999965, 9197448.2341], [202878.5412999997, 9197454.301600002], [202878.47570000123, 9197465.361300003], [202878.16430000123, 9197473.522900002], [202879.71389999986, 9197478.2721], [202880.20733228698, 9197485.236697719], [202880.68450000044, 9197491.9714], [202880.83960000053, 9197510.1425], [202880.83114744257, 9197511.568194319], [202880.7349999994, 9197527.7854], [202880.33923491184, 9197538.158092894], [202880.11220000032, 9197544.108500002], [202880.317400001, 9197553.853200004], [202881.59150000103, 9197560.707500003], [202880.9874999998, 9197573.8707], [202881.43369999994, 9197587.303500004], [202881.43304563593, 9197587.418399679], [202881.32280000113, 9197605.999700004], [202881.23690000083, 9197620.482700001], [202881.89694115054, 9197631.371082714], [202881.95550000016, 9197632.3371], [202882.92610000074, 9197646.0364], [202883.654099999, 9197656.3108], [202883.31929999962, 9197668.4223], [202881.94359999988, 9197678.684200004], [202880.56320000067, 9197689.736100001], [202883.33445493318, 9197699.19026352], [202883.65620000195, 9197700.287900003], [202886.4815000007, 9197711.628100004], [202889.30530000012, 9197723.2317], [202889.969800001, 9197730.1723], [202903.63870000094, 9197731.0434], [202908.0948999999, 9197733.439900003], [202913.3289999999, 9197737.6843], [202914.90979999956, 9197737.167000003], [202915.27890000213, 9197719.2623], [202921.59449999966, 9197718.5098], [202923.7106000008, 9197716.4156], [202930.0762, 9197707.236600002], [202936.9723000005, 9197697.2707], [202941.48310000077, 9197690.4507], [202944.65730000008, 9197687.3095], [202948.42651103716, 9197685.042500498], [202950.72710000072, 9197683.6588], [202954.03681182768, 9197681.519618303], [202961.55040000007, 9197676.6129], [202966.78570064157, 9197671.863900706], [202971.6263685804, 9197666.755171422], [202977.42440000083, 9197660.3802], [202980.42081348877, 9197655.59660845], [202983.26819999982, 9197650.4871], [202985.15288823377, 9197644.25909657], [202986.9709999999, 9197638.026900003], [202996.7323000012, 9197641.5608], [203005.85960000101, 9197645.565], [203014.19440000132, 9197650.196400002], [203017.19200000074, 9197650.214200001], [203019.71640000213, 9197650.2292], [203028.38730000053, 9197651.3866], [203041.47210000176, 9197653.202200001], [203048.408400001, 9197654.191300003], [203059.12660000008, 9197655.992800001], [203073.49040000048, 9197658.303200005], [203083.9804000007, 9197663.105400002], [203087.22986201756, 9197664.695958758], [203091.0599000007, 9197666.570700001], [203111.50080000143, 9197634.0382], [203113.98840154056, 9197629.77025522], [203116.5484000016, 9197625.3781], [203121.56790000014, 9197621.4578], [203128.1090839794, 9197621.496561693], [203139.1858000001, 9197621.5622], [203145.54349999968, 9197613.6998], [203148.72699999996, 9197608.9786], [203152.95450000186, 9197605.5803], [203157.18049999978, 9197602.445300004], [203162.9623000007, 9197603.006300002], [203173.20190000068, 9197605.7003], [203186.06940000225, 9197608.6732], [203193.9502000017, 9197610.036600001], [203204.46050000004, 9197611.4156], [203207.61600000225, 9197611.4343], [203217.0837999992, 9197611.227000004], [203219.9701000005, 9197612.2975], [203225.46710000094, 9197616.543400003], [203239.87799999956, 9197625.318900004], [203242.8507534722, 9197627.027317755], [203253.76769999973, 9197633.301200002], [203269.22730000038, 9197642.609500002], [203286.83740000054, 9197644.030500002], [203295.10529887117, 9197644.386191836], [203308.13190000132, 9197644.9466], [203311.0150000006, 9197646.5437], [203322.03869999945, 9197650.0324], [203330.70220000017, 9197652.4537], [203341.72119999956, 9197656.732300004], [203351.6885000011, 9197661.004700003], [203357.71610000078, 9197664.463800004], [203369.23929999955, 9197672.432100002], [203379.45540000126, 9197679.0759], [203381.55749999918, 9197679.3517], [203386.87110000104, 9197670.166400004], [203389.24859999865, 9197668.337200003], [203392.9346000012, 9197667.569000002], [203401.35380000062, 9197666.8288], [203414.24320000038, 9197666.115100004], [203422.92059999984, 9197666.1665], [203417.9946999997, 9197654.2873], [203431.76169999968, 9197638.5687], [203428.12250000145, 9197631.437100004], [203426.31460000202, 9197625.8963], [203421.36060000025, 9197618.757], [203419.80929999985, 9197614.271100003], [203418.52110000048, 9197609.786800005], [203417.2982999999, 9197594.242700003], [203416.83080088254, 9197591.074865328], [203416.28700000048, 9197587.39], [203420.54420000222, 9197578.9885], [203423.75260000024, 9197570.054100003], [203426.1847000001, 9197559.008400002], [203428.34750000108, 9197549.0145], [203434.68800000194, 9197544.0487], [203438.92169999983, 9197539.597100003], [203437.95570000075, 9197525.1079], [203438.0757000018, 9197504.831800003], [203437.09720000066, 9197492.4493], [203433.20280000195, 9197483.9995], [203429.57610000018, 9197474.761300001], [203425.63179999962, 9197474.737900004], [203420.37750000134, 9197473.916800002], [203409.3537999997, 9197470.4282], [203402.00050000008, 9197468.804600002], [203401.99550645333, 9197468.043369265], [203401.86230000202, 9197447.737000002], [203402.18610000145, 9197437.468800005], [203400.8093869714, 9197432.074539337], [203399.35910000093, 9197426.392], [203396.25980000012, 9197416.893600004], [203394.2248000009, 9197405.294800002], [203393.000500001, 9197390.014100002], [203391.72160000075, 9197383.9498], [203377.7712000003, 9197386.2372], [203375.95710000023, 9197381.7497], [203372.82660000026, 9197377.5178], [203369.99959999975, 9197366.441], [203367.1228, 9197363.7906], [203361.6163999997, 9197361.1246], [203359.7898000013, 9197358.743800003], [203360.9851000011, 9197334.524000002], [203361.03350000083, 9197326.360900002], [203361.95490000024, 9197303.9829], [203364.6234000018, 9197297.4153], [203369.4205, 9197286.647000002], [203376.06910000183, 9197274.0463], [203379.79569999967, 9197266.431600003], [203383.973375679, 9197259.722711952]]]}, "properties": {"Id": 0, "Nama_RT": "RT 006", "Luas": 15.6483683002}}, {"type": "Feature", "geometry": {"type": "Polygon", "coordinates": [[[202944.99345084094, 9198454.366195723], [202947.8506935779, 9198438.69619883], [202952.78002284374, 9198411.66197892], [202964.91399033833, 9198394.556893146], [202977.70708632935, 9198376.522604277], [202988.30188493244, 9198365.840085056], [202991.72801969666, 9198362.385513313], [202997.6287872279, 9198327.336697852], [202998.81450270675, 9198320.29378118], [203011.25770667102, 9198306.147318054], [203017.75002764259, 9198282.599606147], [203017.88506110758, 9198282.109838445], [203020.5829914445, 9198272.32441861], [203015.25524722505, 9198262.507907398], [203008.1775870556, 9198261.383429958], [203000.83540027868, 9198259.862142218], [202995.27914149873, 9198259.59757821], [202991.11200108659, 9198260.854264162], [202987.36538491026, 9198264.29338951], [202984.16663857643, 9198267.005877886], [202982.84374498203, 9198268.527257783], [202980.7932210341, 9198269.056385403], [202978.8160605859, 9198269.003459977], [202977.15514807682, 9198268.262644196], [202976.42754507344, 9198268.924106386], [202975.501561475, 9198269.65171331], [202974.31087815482, 9198270.0485764], [202973.18641136773, 9198269.784029532], [202971.92968451697, 9198270.51166199], [202970.87126512825, 9198271.5037917], [202970.14371172804, 9198272.297591783], [202969.15146056376, 9198273.025122404], [202968.15935762692, 9198273.355843494], [202967.0348659139, 9198273.554376379], [202965.57965705264, 9198273.289755108], [202964.19057085086, 9198275.274140224], [202964.21902928594, 9198277.045475334], [202962.30180910602, 9198278.101699729], [202959.67380147148, 9198277.822792962], [202957.5759970229, 9198254.543997731], [202957.7082524728, 9198250.112151384], [202956.91454922687, 9198247.267903855], [202954.6390517885, 9198245.587804252], [202953.60723736603, 9198243.20658725], [202952.65468565002, 9198240.34904469], [202950.74973624758, 9198237.88841641], [202945.1934683062, 9198234.237157546], [202942.970919732, 9198232.173439542], [202942.41527867038, 9198228.363398256], [202936.4621953126, 9198221.5370958], [202934.393600001, 9198215.568], [202931.78450000193, 9198208.0389], [202927.30650000088, 9198195.1173], [202923.35058682133, 9198183.701918356], [202920.82526914682, 9198167.562059967], [202920.98404245824, 9198163.196430387], [202920.03149413597, 9198160.973883923], [202918.2059093006, 9198159.942024196], [202916.06277478207, 9198153.036348673], [202913.6020908039, 9198143.273226636], [202900.42588822916, 9198126.842612617], [202895.98085102346, 9198111.999443116], [202897.08440995403, 9198096.11867058], [202893.22776544, 9198094.733602086], [202891.83872539643, 9198092.352354242], [202891.24340931885, 9198090.23568132], [202892.10330357682, 9198087.58991036], [202891.5080137439, 9198085.274731776], [202886.87776042614, 9198081.438293679], [202876.444423425, 9198060.92536485], [202871.79649062548, 9198051.407992985], [202864.78502172697, 9198043.47048852], [202861.54388372414, 9198041.419978553], [202858.8318693312, 9198040.361599298], [202856.38450370543, 9198039.237152519], [202854.02964476123, 9198037.980392115], [202852.11150334962, 9198037.318927841], [202850.7223608466, 9198036.789799644], [202849.13486364856, 9198035.863734905], [202847.67965403572, 9198034.805382868], [202847.44340000022, 9198034.4945], [202846.42292634677, 9198033.15173826], [202845.82758448552, 9198032.027293567], [202844.17395037506, 9198027.727748923], [202843.94182784483, 9198026.399905805], [202843.38023181446, 9198024.55274922], [202843.04941875953, 9198021.443942532], [202843.71089150757, 9198016.350702543], [202845.56300410442, 9198010.199115936], [202840.03221473377, 9197999.692172896], [202837.18536358047, 9197994.217510894], [202836.299945225, 9197992.405706229], [202833.06140200514, 9197984.6006135], [202828.7134122299, 9197970.9273353], [202825.22329999972, 9197959.961700002], [202822.8068094449, 9197952.369165583], [202822.14731446654, 9197950.94881062], [202819.36919134203, 9197946.318639455], [202814.20984445047, 9197941.556122875], [202809.05039442517, 9197937.851904305], [202803.75874567032, 9197936.925924014], [202800.05456149857, 9197932.031122308], [202798.59935949836, 9197929.120641435], [202796.35043101478, 9197926.210257875], [202794.89521571808, 9197926.739452817], [202793.96915771067, 9197925.416523792], [202794.36607516743, 9197924.093600238], [202792.6462324718, 9197925.548756553], [202791.85251383763, 9197923.432153182], [202790.00035328884, 9197919.331081083], [202789.20668895915, 9197916.552890489], [202782.53813013807, 9197903.766285041], [202781.8058000002, 9197902.1795], [202779.6807033522, 9197897.57499583], [202781.79750000127, 9197892.959], [202779.99817680102, 9197891.859993055], [202757.77784983814, 9197889.791489067], [202758.12510273978, 9197887.763417128], [202758.01251186617, 9197881.651283825], [202757.94322551414, 9197877.889968501], [202749.68595364504, 9197875.378884055], [202745.0361704221, 9197877.01793264], [202743.22327093035, 9197877.656979712], [202741.5764432568, 9197878.237486467], [202734.24174272362, 9197880.822968401], [202734.00050627626, 9197880.908004252], [202733.81092189625, 9197880.974832743], [202732.6421000613, 9197881.356432306], [202726.92021017242, 9197883.224527692], [202698.55122913886, 9197892.48649595], [202689.23049557488, 9197895.52954985], [202689.1231261203, 9197895.897583973], [202705.91579907574, 9197922.394396786], [202697.97898686025, 9197934.944852654], [202662.54703454114, 9197990.97326569], [202648.84289228637, 9198012.643565455], [202626.93432620075, 9197997.363144957], [202617.38853796571, 9197990.705306329], [202579.39196912758, 9197964.204072552], [202570.0166211212, 9197957.665103737], [202549.85122458637, 9197977.118564239], [202527.96435847692, 9197998.232713016], [202467.37155726366, 9197972.592668371], [202460.9598594671, 9197996.021190876], [202450.2440403616, 9198035.177092632], [202445.6118656909, 9198052.103185222], [202497.61266193725, 9198077.523739837], [202611.05299298372, 9198101.005557634], [202673.89166032895, 9198097.367529524], [202774.5658200113, 9198222.91257228], [202798.08732538763, 9198258.540994233], [202807.22264661454, 9198292.09002925], [202803.4110000003, 9198296.333200002], [202797.85610000137, 9198301.8304], [202793.4967000028, 9198305.280500004], [202789.55829999968, 9198308.6806], [202784.7012, 9198311.811800001], [202780.26980000176, 9198314.1029], [202778.5937811993, 9198314.584070131], [202780.1723520588, 9198318.15129749], [202782.60652359296, 9198320.162134841], [202786.5223647589, 9198320.162134841], [202789.16820338275, 9198320.162134841], [202791.9198755538, 9198320.162134841], [202793.40154518373, 9198320.691302568], [202793.18987809308, 9198323.548808282], [202793.18987809308, 9198325.34797855], [202790.9673736496, 9198330.110488072], [202830.76078656688, 9198353.499701517], [202832.77162392158, 9198356.674707867], [202831.81912201736, 9198359.743880672], [202830.65495302435, 9198362.072218662], [202829.17328339256, 9198364.400556654], [202827.61223860458, 9198366.17326853], [202825.8659851104, 9198367.760771707], [202824.11973161995, 9198369.110149402], [202822.69097876363, 9198370.697652578], [202820.70659979153, 9198371.96765512], [202819.27784693707, 9198372.840781864], [202818.08721955493, 9198374.825160833], [202817.61096860282, 9198376.57141433], [202817.21409280878, 9198378.95266909], [202819.83347304538, 9198379.825795837], [202822.69097876363, 9198380.698922582], [202827.77098892163, 9198381.49267417], [202831.3428710671, 9198382.365800915], [202834.1210016217, 9198382.762676708], [202838.2485098783, 9198383.47705314], [202839.59788757563, 9198383.397677979], [202840.55038947985, 9198382.842051867], [202842.8522690842, 9198382.921427026], [202846.2654009126, 9198383.238927662], [202848.88478114922, 9198383.556428298], [202849.75790789444, 9198383.31830282], [202850.23415884655, 9198382.68330155], [202851.98041234072, 9198383.238927662], [202857.2191728186, 9198383.556428298], [202867.29981797934, 9198383.953304091], [202867.5379434554, 9198385.461432107], [202867.22044282034, 9198387.2076856], [202866.9029421853, 9198388.953939091], [202866.82356702723, 9198391.573319333], [202866.21502414253, 9198395.409785338], [202865.3683557827, 9198396.679787874], [202870.1308653066, 9198399.57962701], [202871.55961816479, 9198401.325880503], [202875.6871264195, 9198403.707135264], [202885.82598003093, 9198405.580389012], [202884.55597749166, 9198415.952076418], [202885.08514521737, 9198418.809582135], [202885.82598003093, 9198420.291251766], [202888.4718186576, 9198422.7254233], [202892.49349336792, 9198425.794596104], [202895.6684997175, 9198426.958765099], [202899.58434088062, 9198427.064598644], [202904.98185167927, 9198426.85293156], [202907.9451909382, 9198426.53543092], [202913.0252010962, 9198426.323763829], [202915.5652061766, 9198427.911267005], [202916.623541628, 9198430.662939176], [202918.2110448014, 9198432.991277164], [202920.11604861263, 9198434.049612619], [202923.50272205286, 9198433.943779072], [202927.5243967604, 9198433.73211198], [202931.12273729127, 9198433.626278436], [202931.22857083846, 9198435.742949335], [202928.90023284592, 9198440.92879304], [202929.42940057162, 9198444.738800664], [202931.12273729127, 9198449.501310186], [202933.76857591607, 9198450.559645636], [202936.41441454273, 9198450.453812089], [202939.6952544367, 9198449.924644364], [202944.99345084094, 9198454.366195723]]]}, "properties": {"Id": 0, "Nama_RT": "RT 017", "Luas": 11.3119723053}}, {"type": "Feature", "geometry": {"type": "Polygon", "coordinates": [[[202693.74579984788, 9198320.764799047], [202697.3443999989, 9198320.563300004], [202706.70749999955, 9198320.3028], [202762.36929999944, 9198317.2622], [202769.1048000008, 9198316.6701], [202774.15850000083, 9198315.8574], [202778.59378119744, 9198314.584070127], [202780.26980000082, 9198314.1029], [202784.7012, 9198311.811800001], [202789.55829999968, 9198308.6806], [202793.49670000095, 9198305.280500004], [202797.85610000137, 9198301.8304], [202803.41099999938, 9198296.3332], [202807.2226466136, 9198292.090029247], [202798.08732538763, 9198258.540994234], [202779.43315150868, 9198230.285201607], [202774.5658200113, 9198222.91257228], [202757.93273882102, 9198202.170398757], [202700.35230906494, 9198130.365105938], [202673.89166032802, 9198097.367529524], [202611.05299298465, 9198101.005557634], [202535.27157071512, 9198085.31902416], [202497.61266193725, 9198077.523739837], [202465.6758463299, 9198061.911448795], [202445.61186594144, 9198052.103185289], [202443.8868519999, 9198058.4064344], [202438.87908226717, 9198076.704960627], [202438.33597208, 9198079.598443495], [202427.57577012945, 9198080.150940346], [202372.01045090426, 9198083.004012126], [202366.45730992407, 9198083.28914349], [202366.25548589882, 9198083.299501026], [202417.68033367023, 9198147.867328435], [202671.0855279807, 9198274.408970412], [202673.5990746757, 9198294.729011051], [202681.3778402321, 9198294.490885576], [202679.55221158266, 9198282.98148756], [202687.17222682014, 9198282.452319833], [202689.92389899027, 9198294.729011051], [202693.74579984788, 9198320.764799047]]]}, "properties": {"Id": 0, "Nama_RT": "RT 018", "Luas": 5.14414639155}}, {"type": "Feature", "geometry": {"type": "Polygon", "coordinates": [[[202674.96714044176, 9198321.765387898], [202675.68840524275, 9198337.909097407], [202678.99570352305, 9198337.644513547], [202679.6836215658, 9198348.524201972], [202678.65174450167, 9198362.811730545], [202672.3017318016, 9198362.891105704], [202671.7461056905, 9198368.090178601], [202670.47610315122, 9198374.67831678], [202669.60297640413, 9198377.694572812], [202668.17422354594, 9198380.710828843], [202748.39605065715, 9198413.148810385], [202767.76358939242, 9198423.573414572], [202775.7011052668, 9198429.791135337], [202781.12507444806, 9198437.331775421], [202783.1094534183, 9198442.226576878], [202783.50632921234, 9198449.89950889], [202783.7709130738, 9198452.942223309], [202785.88758397475, 9198454.397434553], [202789.72404998075, 9198455.058894211], [202791.39092831407, 9198455.495457582], [202793.1371818073, 9198457.082960758], [202794.4530455498, 9198458.080441922], [202795.04835923947, 9198459.667945096], [202796.43742451724, 9198461.057010375], [202798.88482524548, 9198462.313783724], [202800.40618245583, 9198463.438265137], [202801.53066387028, 9198466.282541659], [202802.91972915083, 9198468.597650455], [202804.37494039256, 9198471.243489083], [202804.7321286071, 9198473.002971768], [202803.93837701902, 9198475.11964267], [202802.88004157133, 9198478.162357086], [202802.0862899823, 9198481.072779574], [202801.4248303268, 9198483.85091013], [202800.49878680892, 9198487.422792276], [202800.23420294467, 9198490.465506695], [202802.1392067559, 9198492.344052117], [202803.7267099293, 9198492.44988566], [202805.20837956015, 9198492.44988566], [202806.3196317805, 9198492.926136613], [202807.11338336952, 9198494.037388837], [202807.96005173028, 9198494.301972698], [202809.494638131, 9198494.249055926], [202809.8650555387, 9198494.831140425], [202809.8650555387, 9198495.57197524], [202809.7063052226, 9198496.736144233], [202809.01838718075, 9198497.582812594], [202808.27755236533, 9198498.323647408], [202807.85421818495, 9198499.434899634], [202807.74838464148, 9198500.493235081], [202808.0658852756, 9198501.710320849], [202809.07130395342, 9198502.292405346], [202810.28838972002, 9198502.715739528], [202811.39964194223, 9198503.403657569], [202812.03464321233, 9198504.514909793], [202812.03464321233, 9198505.57324524], [202812.03464321233, 9198507.001998099], [202812.2992270738, 9198508.642418046], [202812.51089416537, 9198509.912420586], [202812.98714511655, 9198511.552840536], [202814.31006443128, 9198515.839099105], [202814.94506570045, 9198518.590771275], [202817.37923723552, 9198521.977444714], [202821.83207195532, 9198527.492973555], [202825.74008728936, 9198533.72496821], [202827.0100898305, 9198536.89997456], [202827.75092464313, 9198539.228312548], [202828.06842528097, 9198540.604148634], [202828.24437354784, 9198541.47462954], [202829.86494970787, 9198543.558227457], [202830.0964605864, 9198543.855884302], [202830.49333638046, 9198544.087395182], [202831.05557708722, 9198543.922030268], [202831.41937989835, 9198543.657446407], [202831.88240165915, 9198544.054322198], [202832.2792774532, 9198544.649635889], [202832.67615324445, 9198545.112657651], [202833.33761290088, 9198545.93948222], [202833.76756167784, 9198546.700160826], [202834.26365642063, 9198547.163182583], [202835.7519406462, 9198548.968967447], [202836.70444255322, 9198549.762719035], [202838.0538202515, 9198550.15959483], [202839.32382279076, 9198551.112096734], [202839.95882405993, 9198552.143973798], [202840.91132596415, 9198552.778975068], [202843.76883168053, 9198552.461474432], [202859.64857987128, 9198572.56796035], [202888.5288991956, 9198559.53950261], [202909.63264643867, 9198548.341073213], [202921.26052691415, 9198538.666522255], [202929.46007158142, 9198528.931149572], [202931.85372844245, 9198526.089145223], [202934.25622838456, 9198520.046648966], [202937.7292785421, 9198510.850462513], [202938.2601513248, 9198508.37240393], [202940.43373226933, 9198498.226355562], [202943.8107325472, 9198460.852650817], [202944.99345084094, 9198454.366195722], [202939.69525443576, 9198449.924644364], [202936.41441454273, 9198450.453812089], [202933.76857591607, 9198450.559645634], [202931.12273729127, 9198449.501310186], [202930.84114165604, 9198448.709322462], [202929.42940057162, 9198444.73880066], [202928.900232845, 9198440.92879304], [202931.22857083753, 9198435.742949335], [202931.12273729127, 9198433.626278434], [202927.5243967604, 9198433.73211198], [202923.502722051, 9198433.943779072], [202920.1160486117, 9198434.049612617], [202918.21104480047, 9198432.991277164], [202916.62354162615, 9198430.662939178], [202915.5652061766, 9198427.911267005], [202913.02520109527, 9198426.323763829], [202907.94519093633, 9198426.53543092], [202904.9818516774, 9198426.852931555], [202899.58434088062, 9198427.064598644], [202895.6684997175, 9198426.958765099], [202892.493493367, 9198425.794596104], [202888.47181865573, 9198422.7254233], [202885.82598003093, 9198420.291251766], [202885.0851452155, 9198418.809582135], [202884.55597749166, 9198415.952076418], [202885.72856997792, 9198406.375904465], [202885.82598003093, 9198405.580389014], [202875.6871264195, 9198403.707135264], [202871.55961816479, 9198401.325880501], [202870.1308653066, 9198399.57962701], [202865.36835578177, 9198396.679787874], [202866.21502414346, 9198395.409785336], [202866.8235670263, 9198391.573319329], [202866.9029421853, 9198388.953939091], [202867.22044282034, 9198387.2076856], [202867.5379434554, 9198385.461432109], [202867.29981797934, 9198383.953304091], [202857.21917281765, 9198383.556428295], [202851.9804123398, 9198383.238927662], [202850.23415884748, 9198382.68330155], [202849.75790789444, 9198383.31830282], [202848.88478114922, 9198383.556428295], [202846.26540091168, 9198383.238927662], [202842.85226908326, 9198382.921427025], [202840.55038947985, 9198382.842051867], [202839.59788757563, 9198383.397677979], [202838.24850987736, 9198383.477053136], [202834.1210016217, 9198382.762676708], [202831.34287106618, 9198382.365800915], [202827.7709889207, 9198381.49267417], [202822.69097876176, 9198380.698922582], [202819.8334730463, 9198379.825795837], [202817.21409280878, 9198378.952669092], [202817.61096860282, 9198376.57141433], [202818.087219554, 9198374.825160833], [202819.27784693614, 9198372.840781864], [202820.70659979153, 9198371.967655119], [202822.69097876176, 9198370.697652578], [202824.11973161995, 9198369.110149402], [202825.86598510947, 9198367.760771707], [202827.6122386027, 9198366.17326853], [202829.17328339256, 9198364.400556654], [202830.65495302342, 9198362.072218662], [202831.81912201643, 9198359.743880672], [202832.77162392158, 9198356.674707867], [202830.76078656688, 9198353.499701517], [202790.96737364866, 9198330.110488072], [202793.18987809215, 9198325.347978551], [202793.18987809215, 9198323.548808282], [202793.40154518373, 9198320.69130257], [202791.91987555288, 9198320.162134841], [202789.16820338275, 9198320.162134841], [202786.5223647589, 9198320.162134841], [202782.60652359296, 9198320.162134841], [202780.17235205788, 9198318.15129749], [202778.59378119744, 9198314.584070127], [202774.15850000083, 9198315.8574], [202769.1048000008, 9198316.6701], [202762.36929999944, 9198317.2622], [202747.02374235727, 9198318.100471538], [202706.70749999955, 9198320.3028], [202697.3443999989, 9198320.563300004], [202693.74579984788, 9198320.764799047], [202676.93140000012, 9198321.7063], [202674.99404743407, 9198321.764578497], [202674.96714044176, 9198321.765387898]]]}, "properties": {"Id": 0, "Nama_RT": "RT 019", "Luas": 3.21631148845}}, {"type": "Feature", "geometry": {"type": "Polygon", "coordinates": [[[202616.18040775415, 9198453.683499102], [202621.8954191832, 9198458.76350926], [202628.45709897298, 9198464.478520695], [202644.755464904, 9198479.083549906], [202648.77713961247, 9198476.33187773], [202652.79881432466, 9198475.908543555], [202655.76215358358, 9198476.543544821], [202659.99549538363, 9198477.39021318], [202663.17050173413, 9198478.236881541], [202666.13384099398, 9198477.601880273], [202668.4621789856, 9198485.856896782], [202680.10386893433, 9198496.440251281], [202681.58553856332, 9198496.016917106], [202685.60721327458, 9198500.250258904], [202688.99388671387, 9198505.330269061], [202694.9205652345, 9198507.02360578], [202693.01556142326, 9198509.775277955], [202692.16889306437, 9198514.431953931], [202690.89889052324, 9198517.183626104], [202690.68722343352, 9198520.146965362], [202690.47555634473, 9198523.95697298], [202690.47555634473, 9198526.708645152], [202690.47555634473, 9198530.306985682], [202690.68722343352, 9198532.846990762], [202691.0740761673, 9198534.58782806], [202691.5338917952, 9198536.656998383], [202692.93962670676, 9198540.982336575], [202694.2855639644, 9198545.123681981], [202695.34389941208, 9198554.225366851], [202696.82556904573, 9198554.437033944], [202699.36557412427, 9198554.01369976], [202701.05891084392, 9198559.093709921], [202698.9422399439, 9198564.597054262], [202699.87711085659, 9198571.037276104], [202700.84724375512, 9198577.720413841], [202700.00057539344, 9198580.260418925], [202698.51890576258, 9198585.975430354], [202702.54058047477, 9198584.917094901], [202706.98558936454, 9198587.245432891], [202709.94892862346, 9198587.24543289], [202715.45227296557, 9198598.88712284], [202717.7806109544, 9198598.46378866], [202719.58031353448, 9198598.663755614], [202719.68561476376, 9198598.67545575], [202722.01395275258, 9198599.098789932], [202724.5539578339, 9198599.098789932], [202727.0939629143, 9198598.46378866], [202729.84563508444, 9198597.82878739], [202728.99896672368, 9198600.792126652], [202726.88229582366, 9198602.485463372], [202724.9772920143, 9198603.967133002], [202724.80837144423, 9198605.994179863], [202724.7656249255, 9198606.50713808], [202725.18895910308, 9198609.89381152], [202722.43728693388, 9198608.41214189], [202720.74395021424, 9198608.835476073], [202716.29894132446, 9198609.470477344], [202718.28530465811, 9198614.165517947], [202718.62727931328, 9198614.97382168], [202718.83894640487, 9198617.725493852], [202719.26228058338, 9198620.68883311], [202724.9772920143, 9198620.688833116], [202726.03562746476, 9198623.863839466], [202727.30563000403, 9198627.885514172], [202727.51729709562, 9198630.848853432], [202727.0939629143, 9198633.812192693], [202724.9772920143, 9198637.833867403], [202734.502311063, 9198638.257201582], [202748.84099006, 9198639.69106948], [202749.3088702364, 9198640.347098976], [202749.10734027438, 9198652.438896613], [202752.0706795333, 9198662.387249842], [202765.60414667055, 9198663.195218029], [202766.1348137604, 9198663.939283026], [202765.82904038485, 9198665.773923282], [202769.48029768653, 9198673.81727271], [202772.91988789942, 9198687.311049698], [202775.56572652515, 9198685.988130385], [202789.1064897906, 9198696.148591714], [202802.0991510572, 9198678.055374624], [202811.18798432313, 9198653.092285529], [202812.69625308923, 9198620.44753109], [202813.68125883397, 9198614.165517947], [202814.88262016792, 9198606.503666507], [202818.59993019328, 9198600.468960071], [202825.21134558413, 9198594.188065974], [202847.46946142334, 9198579.941453662], [202857.4155549677, 9198573.575320078], [202859.64857987128, 9198572.56796035], [202843.76883168053, 9198552.461474432], [202840.91132596415, 9198552.778975068], [202839.95882405993, 9198552.143973798], [202839.32382279076, 9198551.112096734], [202838.0538202515, 9198550.15959483], [202836.70444255322, 9198549.762719035], [202835.7519406462, 9198548.968967447], [202834.26365642063, 9198547.163182583], [202833.76756167784, 9198546.700160827], [202833.33761290088, 9198545.93948222], [202832.67615324445, 9198545.112657651], [202832.2792774532, 9198544.649635889], [202831.88240165915, 9198544.054322198], [202831.41937989835, 9198543.657446407], [202831.05557708722, 9198543.922030268], [202830.49333638046, 9198544.087395182], [202830.0964605864, 9198543.855884302], [202829.86494970787, 9198543.558227457], [202828.24437354784, 9198541.47462954], [202828.06842528097, 9198540.604148634], [202827.75092464313, 9198539.228312548], [202827.0100898305, 9198536.899974562], [202826.2985356385, 9198535.121089084], [202825.74008728936, 9198533.724968212], [202821.83207195532, 9198527.492973555], [202817.37923723552, 9198521.977444714], [202814.94506570045, 9198518.590771275], [202814.31006443128, 9198515.839099107], [202812.98714511655, 9198511.552840536], [202812.51089416537, 9198509.912420586], [202812.2992270738, 9198508.642418046], [202812.03464321233, 9198507.001998099], [202812.03464321233, 9198505.57324524], [202812.03464321233, 9198504.514909793], [202811.39964194223, 9198503.403657569], [202810.28838972002, 9198502.71573953], [202809.07130395342, 9198502.292405346], [202808.0658852756, 9198501.710320849], [202807.74838464148, 9198500.493235081], [202807.85421818495, 9198499.434899634], [202808.11863404978, 9198498.74080799], [202808.27755236533, 9198498.323647408], [202809.01838718075, 9198497.582812594], [202809.7063052226, 9198496.736144233], [202809.8650555387, 9198495.57197524], [202809.8650555387, 9198494.831140425], [202809.494638131, 9198494.249055926], [202807.96005173028, 9198494.301972698], [202807.11338336952, 9198494.037388837], [202806.3196317805, 9198492.926136613], [202805.20837956015, 9198492.44988566], [202803.7267099293, 9198492.44988566], [202802.1392067559, 9198492.344052117], [202800.23420294467, 9198490.465506697], [202800.49878680892, 9198487.422792276], [202801.4248303268, 9198483.85091013], [202802.0862899823, 9198481.072779574], [202802.88004157133, 9198478.162357086], [202803.93837701902, 9198475.119642671], [202804.7321286071, 9198473.002971768], [202804.37494039256, 9198471.243489083], [202802.91972915083, 9198468.597650455], [202801.53066387028, 9198466.282541659], [202800.40618245583, 9198463.438265137], [202798.88482524548, 9198462.313783724], [202796.43742451724, 9198461.057010375], [202795.04835923947, 9198459.667945096], [202794.4530455498, 9198458.080441922], [202793.1371818073, 9198457.082960758], [202791.39092831407, 9198455.495457582], [202789.72404998075, 9198455.058894211], [202785.88758397475, 9198454.397434553], [202783.7709130738, 9198452.942223309], [202783.50632921234, 9198449.89950889], [202783.1094534183, 9198442.22657688], [202781.12507444806, 9198437.331775423], [202775.7011052668, 9198429.791135337], [202767.76358939242, 9198423.573414573], [202748.39605065715, 9198413.148810385], [202690.97571846936, 9198389.930694534], [202668.17422354594, 9198380.710828843], [202669.60297640413, 9198377.694572814], [202670.47610315122, 9198374.67831678], [202671.7461056905, 9198368.090178603], [202672.3017318016, 9198362.891105704], [202678.65174450167, 9198362.811730545], [202679.6836215658, 9198348.524201972], [202678.99570352305, 9198337.644513547], [202675.68840524275, 9198337.909097407], [202674.96714044176, 9198321.765387898], [202674.99404743407, 9198321.764578497], [202676.93140000012, 9198321.7063], [202693.74579984788, 9198320.764799047], [202689.92389899027, 9198294.729011051], [202687.17222682014, 9198282.452319833], [202679.55221158266, 9198282.98148756], [202681.3778402321, 9198294.490885576], [202673.5990746757, 9198294.729011051], [202671.0855279807, 9198274.408970412], [202498.15432102606, 9198188.053207513], [202417.68033367023, 9198147.867328437], [202366.2554861186, 9198083.299505286], [202341.79796926957, 9198084.555301046], [202289.1940795835, 9198121.75298399], [202254.1721509006, 9198146.517903466], [202588.63524328824, 9198332.097953841], [202591.70441609342, 9198340.141303258], [202594.43613966368, 9198345.573327674], [202595.52809999976, 9198345.2679], [202597.5883593969, 9198344.251557963], [202599.17097269464, 9198349.565780446], [202602.98098031245, 9198362.900807118], [202602.6634796774, 9198370.36207204], [202602.50472936127, 9198372.584576486], [202602.34597904235, 9198379.569590453], [202602.76931322273, 9198380.903093122], [202599.38263978343, 9198388.523108363], [202589.64595364314, 9198415.404828792], [202604.67431703396, 9198427.046518741], [202603.19264740404, 9198429.321939958], [202599.70014041848, 9198435.195701705], [202616.18040775415, 9198453.683499102]]]}, "properties": {"Id": 0, "Nama_RT": "RT 020", "Luas": 7.70919733775}}, {"type": "Feature", "geometry": {"type": "Polygon", "coordinates": [[[202519.72571019363, 9198408.638697112], [202521.1849373309, 9198411.045258244], [202528.89634699468, 9198413.544227134], [202533.1742597632, 9198414.930532804], [202543.7971658362, 9198418.373004802], [202545.07447053492, 9198420.409509154], [202545.98551735282, 9198422.074975092], [202546.71245169826, 9198423.739348818], [202547.69102633558, 9198425.378147734], [202550.36003286857, 9198429.84787836], [202551.44326811843, 9198433.543292519], [202566.84161023702, 9198445.992902422], [202556.72907531168, 9198458.208765091], [202565.41770369746, 9198468.67195949], [202568.0003478527, 9198474.877548423], [202573.4577254597, 9198481.051206844], [202584.9337150529, 9198494.03342008], [202589.89466247242, 9198510.569911487], [202591.54831161816, 9198516.853778224], [202595.5170695549, 9198523.799104612], [202597.50144852046, 9198528.09859238], [202599.1550976606, 9198532.728809971], [202599.48582748976, 9198538.020487225], [202598.16290818248, 9198543.973624125], [202598.16290818248, 9198550.588220693], [202600.80874680448, 9198560.179385703], [202604.05649006926, 9198572.358422946], [202606.10042405128, 9198580.023175389], [202610.73064165004, 9198596.890396625], [202612.05356095918, 9198606.81229147], [202614.69939958677, 9198615.741996827], [202619.32961718086, 9198623.018053047], [202625.6134839151, 9198640.546733938], [202623.6291049458, 9198643.523302393], [202631.56662081927, 9198655.76030603], [202634.87391909864, 9198657.083225347], [202636.1968384115, 9198664.028551737], [202637.18902789522, 9198668.328039505], [202641.8192454893, 9198674.611906238], [202644.46508411784, 9198676.265555374], [202646.78019291628, 9198690.817667818], [202642.48070514575, 9198689.494748509], [202642.8114349777, 9198700.078103004], [202643.8036244586, 9198708.67707853], [202650.74895085115, 9198708.346348703], [202650.4182210248, 9198725.544299765], [202649.09530171007, 9198736.789113926], [202662.32449483685, 9198739.765682379], [202662.6552246632, 9198753.656335156], [202665.63179311622, 9198753.987064987], [202687.6543296557, 9198778.727154389], [202696.9391206419, 9198779.782968003], [202697.4150414141, 9198775.711201388], [202701.11921548937, 9198766.847641997], [202714.2161166845, 9198751.104902178], [202718.17837450188, 9198748.111042205], [202727.8330614185, 9198740.816014461], [202730.7788247643, 9198739.10422269], [202750.26265130006, 9198727.782113632], [202770.06731368322, 9198713.94264433], [202789.10648979433, 9198696.148591714], [202786.49777265638, 9198694.191111986], [202775.56572652608, 9198685.988130385], [202772.91988790128, 9198687.311049698], [202769.48029768746, 9198673.81727271], [202765.82904038858, 9198665.773923282], [202766.13481376413, 9198663.93928303], [202765.60414667428, 9198663.195218029], [202752.07067953516, 9198662.387249844], [202749.10734027345, 9198652.438896613], [202749.30887024011, 9198640.34709898], [202748.84099006187, 9198639.69106948], [202734.502311063, 9198638.257201584], [202724.97729201615, 9198637.833867403], [202727.09396291804, 9198633.812192697], [202727.51729709934, 9198630.848853434], [202727.3056300031, 9198627.885514172], [202726.03562746476, 9198623.863839466], [202724.97729201615, 9198620.68883312], [202719.26228058618, 9198620.688833114], [202718.83894640673, 9198617.725493858], [202718.6272793142, 9198614.97382168], [202718.28530466184, 9198614.16551795], [202716.29894132633, 9198609.470477344], [202720.74395021517, 9198608.835476074], [202722.43728693388, 9198608.412141891], [202725.188959104, 9198609.893811526], [202724.7656249255, 9198606.507138083], [202724.80837144796, 9198605.994179863], [202724.97729201615, 9198603.967133004], [202726.8822958246, 9198602.485463375], [202728.99896672647, 9198600.792126652], [202729.8456350835, 9198597.82878739], [202727.09396291804, 9198598.46378866], [202724.55395783763, 9198599.098789932], [202722.01395275258, 9198599.098789932], [202719.68561476748, 9198598.67545575], [202719.5803135382, 9198598.663755614], [202717.78061095346, 9198598.46378866], [202715.4522729665, 9198598.88712284], [202709.9489286244, 9198587.245432893], [202706.98558936734, 9198587.245432893], [202702.5405804785, 9198584.917094903], [202698.5189057635, 9198585.975430358], [202700.00057539623, 9198580.260418925], [202700.84724375885, 9198577.720413845], [202700.3557578856, 9198574.334622275], [202699.87711085752, 9198571.037276106], [202698.94223994482, 9198564.597054262], [202701.05891084392, 9198559.093709925], [202700.6490998296, 9198557.86427688], [202699.36557412427, 9198554.013699766], [202696.82556904573, 9198554.437033948], [202695.34389941208, 9198554.225366855], [202695.0438112188, 9198551.644608347], [202694.28556396812, 9198545.123681981], [202692.93962670676, 9198540.982336579], [202691.53389179427, 9198536.656998383], [202691.07407616638, 9198534.58782806], [202690.68722343445, 9198532.846990766], [202690.4755563466, 9198530.306985687], [202690.4755563466, 9198526.708645152], [202690.4755563466, 9198523.956972983], [202690.68722343445, 9198520.146965364], [202690.89889052324, 9198517.183626104], [202692.16889306623, 9198514.431953931], [202693.015561427, 9198509.775277961], [202694.92056523543, 9198507.02360578], [202693.44198231492, 9198506.601153517], [202688.99388671387, 9198505.330269063], [202685.60721327644, 9198500.25025891], [202681.5855385661, 9198496.016917106], [202680.10386893433, 9198496.440251285], [202668.46217898745, 9198485.856896782], [202666.1338409977, 9198477.601880277], [202663.170501736, 9198478.236881541], [202659.99549538642, 9198477.39021318], [202655.76215358544, 9198476.543544823], [202652.79881432466, 9198475.908543559], [202648.7771396162, 9198476.33187773], [202644.7554649068, 9198479.083549906], [202628.45709897578, 9198464.478520695], [202621.8954191832, 9198458.76350926], [202616.18040775508, 9198453.683499102], [202609.17153504863, 9198445.820846392], [202599.70014041942, 9198435.195701705], [202603.1926474059, 9198429.32193996], [202604.6743170377, 9198427.046518741], [202589.64595364593, 9198415.404828792], [202599.38263978623, 9198388.523108367], [202602.7693132246, 9198380.903093126], [202602.34597904328, 9198379.569590455], [202602.50472936127, 9198372.584576491], [202602.66347968113, 9198370.362072043], [202602.98098031338, 9198362.90080712], [202599.17097269557, 9198349.565780446], [202597.58835939877, 9198344.251557963], [202595.5281000007, 9198345.267900005], [202594.4361396674, 9198345.573327675], [202591.70441609435, 9198340.141303258], [202588.63524329104, 9198332.097953843], [202391.99924823362, 9198222.992588561], [202391.7328898441, 9198222.844802283], [202325.67166936677, 9198186.190096129], [202254.17216122895, 9198146.517918067], [202224.84581430536, 9198167.255385341], [202198.06893710978, 9198186.190096129], [202138.90348394774, 9198228.027509833], [202090.4045362156, 9198262.32236047], [202052.63427839428, 9198289.030674035], [202022.02986854035, 9198311.074491948], [202006.94522329886, 9198321.939693475], [201996.27164204698, 9198358.434190614], [201995.2785689244, 9198361.829648843], [201991.6451019505, 9198374.252989003], [201989.79030180722, 9198376.612005727], [201965.14270604495, 9198387.104321068], [201940.6308327783, 9198397.538825216], [202165.7664324632, 9198512.420168892], [202215.6910599023, 9198486.22819613], [202238.97443980444, 9198449.609789556], [202347.97240779642, 9198510.437619543], [202355.43367272057, 9198486.307571283], [202408.13877813146, 9198462.177523028], [202454.28702214267, 9198417.104089681], [202463.39945172425, 9198426.68464297], [202463.62032873835, 9198427.304335842], [202464.5324682733, 9198428.785322428], [202465.44690704904, 9198429.897456735], [202465.9950881293, 9198430.638551895], [202467.46416480653, 9198431.385000624], [202468.9310522396, 9198432.500412846], [202476.87760072201, 9198427.206310589], [202476.9846339412, 9198427.135003556], [202480.39554883167, 9198425.005968146], [202480.9470131509, 9198425.19372847], [202482.04775391147, 9198425.937991267], [202482.96645943075, 9198426.312418789], [202484.25689502992, 9198426.135587147], [202488.86987990048, 9198419.74879789], [202491.68555704784, 9198415.850424679], [202495.5556575954, 9198415.50441038], [202499.45465183258, 9198410.288481414], [202501.45328437258, 9198407.614785407], [202502.54375451617, 9198406.114640698], [202508.25626104977, 9198409.010890787], [202510.69070076663, 9198410.24515568], [202512.390246029, 9198409.805183992], [202515.4570406368, 9198404.845157914], [202516.61526270024, 9198405.11563159], [202517.89803717658, 9198406.229949966], [202519.1797172241, 9198407.528749995], [202519.72571019363, 9198408.638697112]]]}, "properties": {"Id": 0, "Nama_RT": "RT 021", "Luas": 16.6571205868}}, {"type": "Feature", "geometry": {"type": "Polygon", "coordinates": [[[202519.72571019363, 9198408.638697112], [202519.1797172241, 9198407.528749995], [202517.89803717658, 9198406.229949966], [202516.61526270024, 9198405.11563159], [202515.4570406368, 9198404.845157914], [202512.390246029, 9198409.805183992], [202510.69070076663, 9198410.24515568], [202502.54375451617, 9198406.114640698], [202501.45328437258, 9198407.614785407], [202499.45465183258, 9198410.288481414], [202495.5556575954, 9198415.50441038], [202491.68555704784, 9198415.850424679], [202488.86987990048, 9198419.74879789], [202484.25689502992, 9198426.135587147], [202482.96645943075, 9198426.312418789], [202482.04775391147, 9198425.937991267], [202480.9470131509, 9198425.19372847], [202480.39554883167, 9198425.005968146], [202476.9846339412, 9198427.135003556], [202476.87760072201, 9198427.206310589], [202468.9310522396, 9198432.500412846], [202467.46416480653, 9198431.385000624], [202465.9950881293, 9198430.638551895], [202465.44690704904, 9198429.897456735], [202464.5324682733, 9198428.785322428], [202463.62032873835, 9198427.304335842], [202463.39945172425, 9198426.68464297], [202454.28702214267, 9198417.104089681], [202408.13877813146, 9198462.177523028], [202355.43367272057, 9198486.307571283], [202347.97240779642, 9198510.437619543], [202238.97443980444, 9198449.609789556], [202215.6910599023, 9198486.22819613], [202165.7664324632, 9198512.420168892], [201940.63083945587, 9198397.538840901], [201879.54892905802, 9198423.540981427], [201756.73588793725, 9198475.821532298], [201754.3661142392, 9198476.33411476], [201741.8912522504, 9198451.50611429], [201722.90440943185, 9198584.221057119], [201722.3283728389, 9198592.64445918], [201728.40579456557, 9198764.640545586], [201668.42522209324, 9198856.979009962], [201598.43934736867, 9198951.364689765], [201586.76404999103, 9198968.938941048], [201580.88176600356, 9198985.230951602], [201555.6810019156, 9199021.948484598], [201548.28200243786, 9199027.961284451], [201471.916079022, 9199045.41408349], [201404.5469377078, 9199097.6810421], [201218.78796077054, 9199246.9422107], [201261.56791307777, 9199305.394798484], [201315.42124880478, 9199270.691155316], [201406.85810822528, 9199239.63447559], [201532.65075930487, 9199224.318959357], [201650.28664136026, 9199253.985547423], [201667.6250777673, 9199256.985321896], [201676.30290350225, 9199257.036896624], [201872.16861660965, 9199176.829138402], [201882.7106219139, 9199172.941685885], [201935.21575204097, 9199188.000445476], [201938.09271324892, 9199190.650909169], [201961.10215908103, 9199212.907922825], [201972.55373000167, 9199232.989592548], [202000.9510078635, 9199277.925609505], [201998.29479322396, 9199282.386582332], [201933.16849450395, 9199444.216037562], [201987.35097848251, 9199531.175790647], [201987.05675648246, 9199536.44079927], [201986.97236427385, 9199550.660536375], [202058.58533359133, 9199580.842643127], [202087.36467440892, 9199605.76711575], [202022.26473338623, 9199718.879404474], [202044.46792872716, 9199699.787482442], [202053.73578793462, 9199689.04562242], [202075.65255997796, 9199673.90205988], [202079.8881304264, 9199669.18710987], [202083.87166887335, 9199662.62730201], [202092.58390291594, 9199656.885557221], [202120.01823774818, 9199642.564727299], [202147.52127300017, 9199616.657449486], [202164.44944710098, 9199600.167594645], [202166.85830221046, 9199593.071772056], [202172.70444540307, 9199582.836287327], [202179.5962000955, 9199573.660353538], [202192.00709467754, 9199565.043826666], [202197.52936003916, 9199565.07657686], [202214.37317404244, 9199562.806430945], [202234.21265790425, 9199543.173785247], [202257.72894747555, 9199524.352951275], [202277.1189773744, 9199491.814113779], [202306.6265354352, 9199438.268297385], [202357.85007436946, 9199359.044209018], [202360.50469017494, 9199354.846555425], [202381.11107843928, 9199338.905167209], [202393.24486385938, 9199332.657014478], [202409.0585714234, 9199326.694011945], [202435.9089269014, 9199322.113112338], [202440.65007017367, 9199320.824531335], [202480.49953973107, 9199297.097075298], [202504.58055553772, 9199271.696130404], [202524.13031916413, 9199256.538460925], [202539.45238086767, 9199244.779111337], [202568.1410214929, 9199196.231838288], [202581.33282984234, 9199188.936584901], [202600.60553134978, 9199176.147293316], [202616.4643951431, 9199162.547760839], [202629.95659195073, 9199148.934203994], [202636.86381247826, 9199137.124986228], [202647.2316593416, 9199118.226187358], [202652.04298059922, 9199105.087869806], [202669.04797762632, 9199031.191077322], [202674.93610158004, 9199013.845759517], [202707.97317870706, 9198985.86450513], [202725.1608053986, 9198969.902816208], [202732.32776413765, 9198958.756201753], [202743.20906421356, 9198941.832753317], [202749.80264619086, 9198932.477139926], [202752.31619288307, 9198926.127127228], [202750.99327357113, 9198913.823977618], [202744.3786770124, 9198895.038523383], [202735.855874666, 9198879.41338575], [202733.26615478378, 9198874.665565968], [202721.92090577167, 9198857.954091987], [202717.65570689645, 9198851.514478], [202706.2071798956, 9198822.353135638], [202703.83793291822, 9198816.318261262], [202703.10539915226, 9198814.10809486], [202698.3410849329, 9198798.862289362], [202696.22441403382, 9198785.897680096], [202696.9391206419, 9198779.782968001], [202687.6543296557, 9198778.727154389], [202665.63179311622, 9198753.987064987], [202662.6552246632, 9198753.656335156], [202662.32449483685, 9198739.765682379], [202649.09530171007, 9198736.789113926], [202650.4182210248, 9198725.544299765], [202650.74895085115, 9198708.346348703], [202643.8036244586, 9198708.67707853], [202642.8114349777, 9198700.078103004], [202642.74754308164, 9198698.033562427], [202642.48070514575, 9198689.494748509], [202646.78019291628, 9198690.817667818], [202644.46508411784, 9198676.265555374], [202641.8192454893, 9198674.611906238], [202637.18902789522, 9198668.328039505], [202636.1968384115, 9198664.028551737], [202634.87391909864, 9198657.083225347], [202631.56662081927, 9198655.76030603], [202623.6291049458, 9198643.523302393], [202625.6134839151, 9198640.546733938], [202619.32961718086, 9198623.018053047], [202614.69939958677, 9198615.741996827], [202612.05356095918, 9198606.81229147], [202610.73064165004, 9198596.890396625], [202606.10042405128, 9198580.023175389], [202604.05649006926, 9198572.358422946], [202600.80874680448, 9198560.179385703], [202598.16290818248, 9198550.588220693], [202598.16290818248, 9198543.973624125], [202599.48582748976, 9198538.020487225], [202599.1550976606, 9198532.728809971], [202597.50144852046, 9198528.09859238], [202595.5170695549, 9198523.799104612], [202591.54831161816, 9198516.853778224], [202589.89466247242, 9198510.569911487], [202584.9337150529, 9198494.03342008], [202573.4577254597, 9198481.051206844], [202568.0003478527, 9198474.877548423], [202565.41770369746, 9198468.67195949], [202556.72907531168, 9198458.208765091], [202566.84161023702, 9198445.992902422], [202551.44326811843, 9198433.543292519], [202550.36003286857, 9198429.84787836], [202547.69102633558, 9198425.378147734], [202546.71245169826, 9198423.739348818], [202545.98551735282, 9198422.074975092], [202545.07447053492, 9198420.409509154], [202543.7971658362, 9198418.373004802], [202533.17425976507, 9198414.930532804], [202528.89634699468, 9198413.544227134], [202521.1849373309, 9198411.045258244], [202519.72571019363, 9198408.638697112]]]}, "properties": {"Id": 0, "Nama_RT": "RT 022", "Luas": 95.5505854298}}, {"type": "Feature", "geometry": {"type": "Polygon", "coordinates": [[[202745.03984851763, 9197122.450741401], [202745.6600225689, 9197114.335619887], [202745.3817267958, 9197109.631684083], [202744.9431052059, 9197102.21789496], [202744.98689341545, 9197094.844719714], [202743.70340577327, 9197089.570384972], [202743.2682007337, 9197074.294282712], [202742.46027573477, 9197062.125651687], [202742.0613296153, 9197056.116890779], [202741.03199840523, 9197047.309800189], [202740.05938922986, 9197038.988114756], [202736.92853612266, 9197029.96529019], [202735.71109216195, 9197026.456731064], [202735.66429055855, 9197026.321877653], [202730.23459443916, 9197010.752775224], [202728.60842079297, 9197006.381278075], [202724.54039202817, 9196995.445415214], [202718.22839765903, 9196978.714500885], [202718.06829088368, 9196978.290102854], [202717.31559173763, 9196976.355792746], [202716.49246187508, 9196974.240487562], [202713.06538587157, 9196965.433479117], [202712.11112866923, 9196962.981198743], [202705.90042633004, 9196946.09077592], [202701.24398668855, 9196933.15960619], [202697.6205691602, 9196923.394619714], [202693.91665098164, 9196907.394571282], [202691.85840000305, 9196898.503500003], [202689.15060000122, 9196867.413700003], [202689.178523683, 9196867.117011812], [202689.192664681, 9196866.96676419], [202689.23835372552, 9196866.4813196], [202689.26736320183, 9196866.173094857], [202689.29902777262, 9196865.836659862], [202689.3371302914, 9196865.431821872], [202689.3808800876, 9196864.966981716], [202689.41839020327, 9196864.568437984], [202689.45152031537, 9196864.216431644], [202689.48874519207, 9196863.82091857], [202689.52859297208, 9196863.397537204], [202689.60109142587, 9196862.62724355], [202689.6252975315, 9196862.370054493], [202689.64646430407, 9196862.14515821], [202689.67018726654, 9196861.89310252], [202689.69302307907, 9196861.650472783], [202689.71415899787, 9196861.42590433], [202689.7368125869, 9196861.185210701], [202689.76250550617, 9196860.912224287], [202689.77857152093, 9196860.741523411], [202689.78890226595, 9196860.63175959], [202689.80390180927, 9196860.47238992], [202689.81845306046, 9196860.317783367], [202689.83651879616, 9196860.12583552], [202689.8609804483, 9196859.865931291], [202690.52099239733, 9196852.853326146], [202692.46425615344, 9196838.186260197], [202696.2814000016, 9196817.948800001], [202720.0252105482, 9196786.784799794], [202720.79411004763, 9196785.017213892], [202724.27332352288, 9196777.15691041], [202732.4851728119, 9196758.604580265], [202742.6500820713, 9196735.639795441], [202750.68090000097, 9196711.7239], [202717.32875620853, 9196708.743902907], [202699.18840266485, 9196708.10944485], [202690.5079545984, 9196708.584539128], [202680.74597915262, 9196714.056602607], [202673.34897870757, 9196719.806055197], [202656.00059297774, 9196718.649615442], [202637.59414912015, 9196718.540228462], [202621.73894336168, 9196731.612838512], [202598.3442781018, 9196730.157108013], [202580.39798107464, 9196741.110586219], [202564.16398869362, 9196729.427263562], [202559.96149405837, 9196728.612271134], [202550.9325111108, 9196732.45573325], [202538.60779837333, 9196737.702123327], [202523.82626643218, 9196747.094378954], [202489.8948058728, 9196748.73600087], [202479.88236384746, 9196752.099850398], [202451.95201579388, 9196765.353297506], [202451.93550658505, 9196765.361131418], [202450.67278083414, 9196765.960317256], [202423.977284709, 9196778.627805147], [202419.46641980857, 9196785.44774686], [202414.91953610908, 9196798.324230341], [202411.71245756932, 9196806.99528636], [202360.84055836685, 9196828.471470084], [202347.12520251796, 9196834.261572413], [202315.68237077445, 9196815.377585335], [202314.1234664768, 9196812.208262833], [202315.71526680328, 9196809.847695438], [202317.31333290786, 9196806.433815693], [202317.87056319136, 9196801.170382423], [202316.32419160474, 9196795.894435154], [202302.96699244156, 9196786.861500164], [202299.8084565187, 9196787.36938415], [202299.29978884012, 9196784.469646057], [202300.8962894911, 9196781.319094805], [202300.12623838987, 9196778.15446422], [202290.4378151195, 9196771.250049563], [202288.57523018308, 9196774.925692473], [202283.44757375494, 9196797.015532661], [202279.75060235336, 9196799.626912097], [202269.21378761902, 9196802.724271359], [202253.96579887997, 9196802.106871964], [202210.72126549575, 9196822.12654129], [202209.91047556046, 9196825.808443079], [202209.85719756316, 9196834.761604931], [202220.27180671412, 9196852.20385935], [202223.59302028175, 9196868.550551943], [202222.51928110514, 9196872.230889171], [202215.623018099, 9196882.196683425], [202205.01096751727, 9196897.933795072], [202193.1060927892, 9196909.97648705], [202191.7255264055, 9196921.028452912], [202190.10081203002, 9196928.918914437], [202179.9770434769, 9196950.97903645], [202164.84622243606, 9196974.852728765], [202148.70745901298, 9196991.346967654], [202164.39994091168, 9197005.660582412], [202138.5742648905, 9197014.987062605], [202135.36399832647, 9197024.184779799], [202131.64349756017, 9197030.746083427], [202117.11219418515, 9197042.246470392], [202128.01984650176, 9197065.221765043], [202379.23539519217, 9197040.11844797], [202395.2956356462, 9197029.83936491], [202424.29402697645, 9197026.241024384], [202464.93410825543, 9197022.43101676], [202476.15246402845, 9197022.64268385], [202482.92581090704, 9197024.12435348], [202493.93249958567, 9197027.722694011], [202505.5741895372, 9197033.86103962], [202517.8508807551, 9197045.079395393], [202527.1642327169, 9197058.41442206], [202535.06249637157, 9197066.477286534], [202540.9781528376, 9197067.089325141], [202540.75540000107, 9197069.732300002], [202541.13150000386, 9197072.815600004], [202542.68950000033, 9197076.142900001], [202543.0838356968, 9197076.81005608], [202544.09530000202, 9197078.521300003], [202549.1825000001, 9197085.3456], [202554.55732396524, 9197091.437239256], [202556.47000000067, 9197093.605000002], [202568.1442000009, 9197107.1046], [202573.77700000163, 9197115.0381], [202578.61620000098, 9197123.757000003], [202578.81148787495, 9197124.276401024], [202580.40240000095, 9197128.5077], [202583.35170000233, 9197136.662300006], [202584.42940000165, 9197141.171800002], [202585.7254000008, 9197148.763600003], [202585.87862094678, 9197149.727986291], [202587.17020000238, 9197157.857300002], [202588.95550000016, 9197167.190000003], [202590.75790000055, 9197173.652500005], [202593.28425664175, 9197180.828150062], [202616.02870383207, 9197176.961247642], [202617.82549357787, 9197178.39584249], [202619.94216447696, 9197179.718761802], [202622.85258696508, 9197181.465015294], [202626.18634363264, 9197183.475852648], [202629.25551643595, 9197184.904605508], [202632.66335658636, 9197186.614478717], [202635.46794552822, 9197188.096148346], [202638.0608673822, 9197189.524901204], [202640.75962277688, 9197190.953654062], [202643.828795583, 9197192.481625866], [202645.58827826846, 9197193.910378722], [202648.11505415477, 9197197.144916441], [202650.23172505572, 9197199.632004749], [202654.35923331045, 9197202.489510464], [202661.6352895312, 9197203.633835675], [202669.2553047696, 9197204.58633758], [202677.19282064587, 9197205.221338848], [202683.701583663, 9197204.903838212], [202691.05701503996, 9197203.230345277], [202695.81952456385, 9197202.595344007], [202697.72452837508, 9197199.737838292], [202698.25369609986, 9197196.351164855], [202701.00536826905, 9197196.033664217], [202705.97954488546, 9197194.075743632], [202713.12330917176, 9197189.789485062], [202719.44157180842, 9197187.069562953], [202723.99241424445, 9197185.905393958], [202730.02492630947, 9197185.693726867], [202737.15610000025, 9197183.971100004], [202740.35405811016, 9197162.341105122], [202741.5281157596, 9197154.40014402], [202743.74325455446, 9197139.417633556], [202745.03984851763, 9197122.450741401]]]}, "properties": {"Id": 0, "Nama_RT": "RT 007", "Luas": 17.1317478599}}, {"type": "Feature", "geometry": {"type": "Polygon", "coordinates": [[[202732.67103869747, 9197319.794945678], [202775.5336244218, 9197299.898239223], [202779.55529913213, 9197296.405732231], [202785.48197764996, 9197289.632385353], [202790.54664770607, 9197282.53469419], [202790.45461347513, 9197282.446450023], [202786.7567271497, 9197278.901585892], [202783.1798913842, 9197275.880410206], [202780.47717200126, 9197273.59758319], [202777.20572883915, 9197268.95298874], [202775.99220894184, 9197268.024690315], [202773.5660490645, 9197266.16869996], [202769.63280000072, 9197263.159800002], [202765.58590339124, 9197257.548686203], [202753.9257645039, 9197241.38163957], [202739.67630000226, 9197215.318100002], [202737.57049727347, 9197206.532450354], [202737.48877730034, 9197206.191573594], [202737.27740637865, 9197197.500199923], [202737.16319550853, 9197184.761000039], [202737.15610437375, 9197183.971086888], [202730.02492630947, 9197185.693726867], [202723.99241424445, 9197185.905393958], [202719.44157180842, 9197187.069562953], [202713.12330917176, 9197189.789485062], [202705.97954488546, 9197194.075743632], [202701.00536826905, 9197196.033664217], [202698.25369609986, 9197196.351164857], [202697.72452837508, 9197199.737838292], [202695.81952456385, 9197202.595344007], [202691.05701503996, 9197203.230345277], [202683.701583663, 9197204.903838212], [202677.19282064587, 9197205.221338848], [202669.2553047696, 9197204.586337581], [202661.6352895312, 9197203.633835677], [202654.35923331045, 9197202.489510464], [202650.23172505572, 9197199.63200475], [202648.1895993352, 9197197.232507026], [202647.28586169705, 9197196.08346327], [202645.58827826846, 9197193.910378722], [202643.828795583, 9197192.481625866], [202640.75962277688, 9197190.953654064], [202635.46794552822, 9197188.096148346], [202629.25551643595, 9197184.904605508], [202626.18634363264, 9197183.475852648], [202622.85258696508, 9197181.465015294], [202619.94216447696, 9197179.718761802], [202617.82549357787, 9197178.39584249], [202616.02870383207, 9197176.961247642], [202593.32454609685, 9197180.821300244], [202593.28425664175, 9197180.828150062], [202590.75790000055, 9197173.652500005], [202588.95550000016, 9197167.190000003], [202587.17020000238, 9197157.857300002], [202585.87862094678, 9197149.727986291], [202585.7254000008, 9197148.763600003], [202584.42940000165, 9197141.171800002], [202583.35170000233, 9197136.662300006], [202580.40240000095, 9197128.5077], [202578.8114878768, 9197124.276401024], [202578.61620000098, 9197123.757000003], [202573.77700000163, 9197115.0381], [202568.1442000009, 9197107.1046], [202565.15004848037, 9197103.642277285], [202564.92651662044, 9197103.383793557], [202556.47000000067, 9197093.605000002], [202554.5573239671, 9197091.437239261], [202549.1825000001, 9197085.3456], [202544.09530000202, 9197078.521300003], [202543.0838356968, 9197076.81005608], [202542.68950000033, 9197076.142900001], [202541.13150000386, 9197072.815600004], [202540.75540000107, 9197069.732300002], [202540.9781528376, 9197067.089325141], [202535.06249637157, 9197066.477286534], [202527.1642327169, 9197058.41442206], [202517.8508807551, 9197045.079395393], [202505.5741895372, 9197033.86103962], [202493.93249958567, 9197027.722694013], [202482.92581090704, 9197024.12435348], [202476.15246402845, 9197022.64268385], [202464.93410825543, 9197022.43101676], [202424.29402697645, 9197026.241024384], [202395.2956356462, 9197029.83936491], [202379.23539519217, 9197040.11844797], [202356.42661259416, 9197042.397670355], [202128.01984650176, 9197065.221765043], [202109.74452405144, 9197087.233386038], [202110.81483705342, 9197128.320448656], [202127.03170844726, 9197142.90052024], [202118.9817511635, 9197169.976410776], [202114.19846599735, 9197178.374758365], [202101.5407001786, 9197184.35621155], [202329.23565977532, 9197261.667745223], [202333.5219183471, 9197262.778997447], [202338.76067882497, 9197259.762741415], [202343.0469373986, 9197249.285220461], [202345.586942479, 9197238.331448555], [202347.96819724236, 9197228.806429502], [202350.34945200477, 9197224.202670297], [202355.27071184572, 9197219.916411722], [202373.54684214946, 9197222.257978909], [202403.70940247457, 9197226.015069757], [202513.45878863987, 9197235.857589437], [202520.65546969976, 9197237.021758432], [202528.91048620827, 9197238.080093885], [202544.0446831435, 9197240.514265416], [202552.08803256415, 9197241.360933779], [202557.90887753852, 9197243.16010404], [202563.83555605914, 9197245.065107854], [202568.80973267555, 9197246.758444572], [202575.79474664293, 9197248.76928193], [202582.14475934487, 9197249.086782562], [202587.85977077484, 9197248.98094902], [202602.68725025747, 9197247.825824156], [202606.02340000123, 9197248.7941], [202607.6278000027, 9197255.387100004], [202608.4495331822, 9197258.088697279], [202610.336000002, 9197264.290800003], [202614.39420000184, 9197278.337600006], [202616.5513999993, 9197285.604500005], [202619.1324000014, 9197293.783300003], [202620.14360000193, 9197300.6361], [202620.26583138853, 9197304.92655654], [202642.58728908282, 9197302.406494234], [202644.43937612046, 9197302.274202304], [202645.10083577596, 9197302.406494234], [202645.2466715118, 9197307.84079845], [202645.49771157186, 9197311.40234556], [202669.50869709067, 9197310.410156077], [202669.3102591969, 9197308.028901313], [202669.29262027144, 9197306.547231682], [202673.10262789112, 9197306.705981998], [202674.92825654335, 9197306.705981998], [202677.94451257586, 9197306.705981998], [202679.21451511513, 9197305.515354618], [202696.93105054926, 9197304.353831466], [202700.28597392607, 9197305.930751283], [202701.55597646534, 9197308.259089272], [202702.19097773544, 9197313.127432343], [202703.99014800135, 9197316.514105784], [202725.58019117918, 9197311.645762714], [202726.53269308526, 9197311.539929172], [202728.33186335023, 9197311.751596263], [202728.9668646222, 9197314.397434885], [202729.60186589137, 9197317.149107056], [202731.4010361554, 9197319.265777955], [202732.67103869747, 9197319.794945678]]]}, "properties": {"Id": 0, "Nama_RT": "RT 008", "Luas": 10.3204239672}}, {"type": "Feature", "geometry": {"type": "Polygon", "coordinates": [[[202625.88499179017, 9197361.961675858], [202628.18687139265, 9197361.009173956], [202631.91750385333, 9197362.041051017], [202635.80688663293, 9197364.42230578], [202639.14064330235, 9197366.724185385], [202643.74440250825, 9197368.391063718], [202653.03129608184, 9197371.804195542], [202662.63569029234, 9197374.899826735], [202668.98570299055, 9197375.61420316], [202674.7800895786, 9197374.74107642], [202686.92448886763, 9197367.200436333], [202698.59263720643, 9197353.68020096], [202701.34430937655, 9197348.071023079], [202702.1909777345, 9197344.972746046], [202702.7466038447, 9197341.400863906], [202703.22285479866, 9197340.607112318], [202705.28660892602, 9197341.083363269], [202706.31848598924, 9197340.686487475], [202707.5091133723, 9197339.575235251], [202708.69974075165, 9197336.876479855], [202709.57286749966, 9197334.495225092], [202711.95412226208, 9197333.701473504], [202716.31975599192, 9197334.415849933], [202720.7647648817, 9197334.81272573], [202724.8922731392, 9197333.622098345], [202728.70228075702, 9197333.93959898], [202733.78229091875, 9197334.018974138], [202738.8623010777, 9197330.92334295], [202741.29647261277, 9197334.336474776], [202743.28085158113, 9197336.717729539], [202744.20689510182, 9197339.628152028], [202745.52981441375, 9197342.935450308], [202747.24960951973, 9197346.639624381], [202749.1016965555, 9197350.211506527], [202750.29232393764, 9197353.78338867], [202751.74753517937, 9197357.355270816], [202753.59962221794, 9197361.456320684], [202755.18712539505, 9197363.705283513], [202757.03921243083, 9197366.218830211], [202759.28817526344, 9197367.938625315], [202760.47880264558, 9197368.732376903], [202761.19317907188, 9197370.272254983], [202762.3573480677, 9197372.177258795], [202764.4740189677, 9197373.341427788], [202768.07235949673, 9197373.553094877], [202773.25820320193, 9197372.283092339], [202796.75325019192, 9197364.87474419], [202819.40162882302, 9197356.090559954], [202822.4708016282, 9197354.820557412], [202822.682468717, 9197353.762221962], [202822.36496808194, 9197350.26971498], [202820.88329845108, 9197346.142206727], [202819.50746236928, 9197343.178867463], [202818.449126916, 9197338.416357938], [202820.14246363845, 9197336.088019947], [202831.02442041878, 9197329.213081824], [202824.90702128224, 9197319.68181187], [202816.55820471048, 9197308.572127366], [202814.2197807692, 9197303.81820505], [202810.6715080915, 9197300.735726688], [202808.7259084154, 9197299.045530349], [202796.4312693635, 9197288.175785962], [202790.54665460438, 9197282.534686994], [202785.48197764996, 9197289.632385353], [202779.55529913027, 9197296.405732231], [202775.53362442087, 9197299.89823922], [202755.28314936068, 9197309.29845974], [202732.6710386956, 9197319.794945678], [202731.40103615634, 9197319.265777955], [202729.60186589044, 9197317.149107054], [202728.96686462127, 9197314.397434885], [202728.3318633493, 9197311.75159626], [202726.5326930862, 9197311.539929168], [202725.58019117918, 9197311.645762714], [202703.99014800042, 9197316.514105782], [202702.1909777345, 9197313.127432343], [202701.55597646534, 9197308.259089272], [202700.28597392607, 9197305.930751283], [202696.9310505474, 9197304.353831466], [202692.65328570735, 9197304.634288274], [202692.40019761026, 9197304.650881115], [202679.2145151142, 9197305.515354617], [202677.94451257493, 9197306.705981998], [202674.92825654335, 9197306.705981998], [202673.10262789112, 9197306.705981998], [202669.2926202705, 9197306.54723168], [202669.31025919504, 9197308.028901313], [202669.50869709067, 9197310.410156075], [202645.49771157, 9197311.402345559], [202645.24667151086, 9197307.84079845], [202645.10083577596, 9197302.406494234], [202644.43937612046, 9197302.274202302], [202642.5872890819, 9197302.406494234], [202620.26583138853, 9197304.92655654], [202620.143600001, 9197300.6361], [202619.13240000047, 9197293.783300001], [202616.5513999993, 9197285.604500003], [202614.3942000009, 9197278.337600004], [202610.33600000013, 9197264.290800003], [202608.44953318313, 9197258.088697277], [202607.62780000083, 9197255.387100004], [202606.02340000123, 9197248.7941], [202602.6872502556, 9197247.825824156], [202587.85977077484, 9197248.980949018], [202582.144759343, 9197249.086782562], [202575.79474664293, 9197248.769281926], [202568.80973267462, 9197246.758444572], [202563.8355560582, 9197245.065107852], [202557.9088775376, 9197243.16010404], [202552.08803256322, 9197241.360933775], [202544.04468314257, 9197240.514265416], [202528.91048620827, 9197238.080093881], [202520.6554696979, 9197237.021758432], [202513.45878863893, 9197235.857589435], [202507.08545619994, 9197235.286017675], [202506.89106937032, 9197235.268584719], [202509.0712164957, 9197260.571375864], [202510.7910116017, 9197269.633373152], [202517.67019202653, 9197269.236497357], [202518.06706782058, 9197270.228686845], [202520.38217661716, 9197279.334781442], [202521.54634561297, 9197284.4147916], [202521.86384624802, 9197289.28313467], [202521.1230114326, 9197293.93981065], [202519.32384116668, 9197299.12565436], [202518.58300635405, 9197303.04149552], [202517.84217153862, 9197306.428168966], [202516.67800254282, 9197310.767344307], [202519.1121740779, 9197314.47151838], [202531.91803302336, 9197324.525705157], [202555.73058064748, 9197327.700711507], [202559.01142054424, 9197327.700711507], [202563.6680965228, 9197328.33571278], [202568.11310541257, 9197330.769884314], [202569.17144086305, 9197332.780721668], [202569.7006085869, 9197335.320726749], [202574.46311811358, 9197354.794099027], [202576.68562255707, 9197358.604106648], [202581.02479790337, 9197360.720777549], [202587.26897705812, 9197366.43578898], [202591.1916940976, 9197373.194350448], [202598.5602253368, 9197384.479717162], [202617.70935043972, 9197376.090454115], [202620.96373194642, 9197373.074198086], [202622.70998543967, 9197369.105440143], [202623.74186250288, 9197366.644810222], [202624.69436440803, 9197364.342930622], [202625.88499179017, 9197361.961675858]]]}, "properties": {"Id": 0, "Nama_RT": "RT 009", "Luas": 2.12761320534}}, {"type": "Feature", "geometry": {"type": "Polygon", "coordinates": [[[202598.5602253368, 9197384.479717162], [202596.2600797033, 9197380.956900183], [202591.1916940976, 9197373.194350448], [202587.26897705812, 9197366.43578898], [202581.02479790337, 9197360.720777549], [202576.68562255707, 9197358.604106648], [202574.46311811358, 9197354.794099027], [202572.9866970228, 9197348.757177237], [202569.7006085869, 9197335.320726749], [202569.17144086305, 9197332.780721668], [202568.11310541257, 9197330.769884314], [202563.6680965228, 9197328.33571278], [202559.01142054424, 9197327.700711507], [202555.73058064748, 9197327.700711507], [202531.91803302336, 9197324.525705157], [202519.1121740779, 9197314.47151838], [202516.67800254282, 9197310.767344307], [202517.84217153862, 9197306.428168966], [202518.58300635405, 9197303.04149552], [202519.32384116668, 9197299.12565436], [202521.1230114326, 9197293.93981065], [202521.86384624802, 9197289.28313467], [202521.54634561297, 9197284.4147916], [202520.38217661716, 9197279.334781442], [202519.15006787423, 9197274.488487052], [202518.06706782058, 9197270.228686845], [202517.67019202653, 9197269.236497357], [202510.7910116017, 9197269.633373152], [202509.0712164957, 9197260.571375864], [202506.89106937032, 9197235.268584719], [202403.70940247457, 9197226.015069757], [202373.54684214853, 9197222.257978905], [202355.27071184665, 9197219.916411722], [202350.34945200384, 9197224.202670295], [202347.96819724143, 9197228.806429502], [202345.586942479, 9197238.331448553], [202343.04693739768, 9197249.28522046], [202338.76067882497, 9197259.762741415], [202333.5219183471, 9197262.778997447], [202329.23565977532, 9197261.667745223], [202101.5407001786, 9197184.35621155], [202062.7182404576, 9197184.125164995], [201990.83756784163, 9197183.697377015], [201936.53329277504, 9197162.04371574], [201875.52515773568, 9197166.722688155], [201821.82931662165, 9197170.840849757], [201801.59760552645, 9197168.08696306], [201796.0724512171, 9197168.580729725], [201792.110899142, 9197171.453855107], [201754.846245097, 9197202.832489938], [201710.8533622753, 9197304.219083963], [201691.0543419076, 9197361.245606208], [202534.15376666002, 9197415.352935424], [202548.94400457572, 9197411.304802326], [202549.81713132095, 9197419.414297711], [202553.3890134655, 9197427.087229723], [202559.71256777737, 9197425.684935259], [202572.94176090322, 9197421.87492764], [202572.2009260878, 9197414.466579488], [202572.7300938135, 9197410.868238958], [202573.3650950836, 9197405.576561708], [202573.78842926212, 9197400.602385093], [202572.41259317938, 9197396.580710383], [202571.77759190742, 9197393.194036944], [202571.5659248177, 9197389.913197048], [202572.09509254154, 9197388.537360962], [202572.7300938135, 9197387.690692604], [202575.5875995271, 9197387.267358424], [202598.5602253368, 9197384.479717162]]]}, "properties": {"Id": 0, "Nama_RT": "RT 010", "Luas": 15.3000693103}}, {"type": "Feature", "geometry": {"type": "Polygon", "coordinates": [[[202451.64505303185, 9197606.66955765], [202507.53839398455, 9197604.685178677], [202516.13736951817, 9197604.949762538], [202523.2282170318, 9197603.600384843], [202527.72614269424, 9197599.102459177], [202531.16573290713, 9197595.265993172], [202535.00219891313, 9197591.694111029], [202539.3678326439, 9197586.799309572], [202543.20429864991, 9197583.492011292], [202545.58555341233, 9197582.036800047], [202557.0949514322, 9197573.57011645], [202564.2387157185, 9197568.013855336], [202577.46790884435, 9197558.885712078], [202586.19917630777, 9197552.80028324], [202593.2106486624, 9197546.05339475], [202596.86190596595, 9197541.290885223], [202600.67191358656, 9197534.305871252], [202602.25941675995, 9197529.067110777], [202603.05316834804, 9197522.39959744], [202603.05316834804, 9197518.536673045], [202600.61899681296, 9197511.974993255], [202598.07899173256, 9197507.953318546], [202595.96232083254, 9197505.51914701], [202591.4114783993, 9197503.931643836], [202589.4006410446, 9197499.486634945], [202589.29480749834, 9197496.205795052], [202589.6123081334, 9197492.39578743], [202590.98814421892, 9197488.903280446], [202592.04647966847, 9197486.998276634], [202594.50710958987, 9197482.315142272], [202596.33273823932, 9197478.346384333], [202597.28524014633, 9197475.012627667], [202596.7296140343, 9197472.948873537], [202596.8883643523, 9197471.996371632], [202597.59339500777, 9197470.919353358], [202605.73869455233, 9197469.773867186], [202608.101900002, 9197468.573400002], [202611.6723684771, 9197477.300477168], [202612.1686869897, 9197478.513598071], [202614.95185346715, 9197477.724874027], [202615.42290489282, 9197479.06296562], [202616.05790616293, 9197479.962550754], [202667.54592580535, 9197463.002725167], [202668.1809270773, 9197465.622105408], [202669.8636804428, 9197474.242247649], [202670.02243075892, 9197477.25850368], [202669.9430556018, 9197479.004757175], [202668.59367790073, 9197480.512885187], [202664.466169646, 9197481.544762254], [202656.3699034527, 9197483.291015744], [202658.195532104, 9197493.133535428], [202659.01574207935, 9197499.377714586], [202679.1307302257, 9197492.928482937], [202680.32135760598, 9197493.166608416], [202681.35323467012, 9197493.642859366], [202683.49636395648, 9197493.88098484], [202685.48074292485, 9197495.627238337], [202686.19511935394, 9197497.214741511], [202687.30637157615, 9197499.199120477], [202687.94137284625, 9197500.786623653], [202706.27703451738, 9197495.071612222], [202713.34142364748, 9197492.29348167], [202714.45267587062, 9197491.658480398], [202714.9289268218, 9197490.944103967], [202716.91330578923, 9197490.070977222], [202718.73893444147, 9197489.753476586], [202719.29456055444, 9197489.43597595], [202720.64393825084, 9197488.800974682], [202735.2489674613, 9197483.482839048], [202736.51897000242, 9197483.720964521], [202737.7889725417, 9197483.403463885], [202740.8846037332, 9197481.895335872], [202763.53298236243, 9197474.857405128], [202765.22631908394, 9197473.269901954], [202767.3429899849, 9197472.317400048], [202800.78639020398, 9197459.723208193], [202804.80806491338, 9197457.924037928], [202805.65473327413, 9197457.289036658], [202807.13640290312, 9197457.712370839], [202825.6572732795, 9197450.198189147], [202826.50394163746, 9197449.66902142], [202826.71560872905, 9197449.03402015], [202855.92566714808, 9197439.826501735], [202874.97399602924, 9197435.056892194], [202872.72628347203, 9197421.843548415], [202872.68709518109, 9197421.613176191], [202870.14349816833, 9197407.114583667], [202869.87451799773, 9197406.139383007], [202869.3147125626, 9197404.109696535], [202866.79699325468, 9197394.981221871], [202863.95342732966, 9197386.38918449], [202860.5970777506, 9197376.247587672], [202859.31511210185, 9197370.70990871], [202853.5801807018, 9197362.249114577], [202845.49583049305, 9197350.87769227], [202838.19881209265, 9197339.774273781], [202833.32962649688, 9197332.688781789], [202832.2024932783, 9197331.04858451], [202831.02442172356, 9197329.213080987], [202820.14246363845, 9197336.088019947], [202818.449126916, 9197338.416357938], [202819.50746236928, 9197343.178867463], [202820.88329845108, 9197346.142206727], [202822.36496808194, 9197350.26971498], [202822.682468717, 9197353.762221962], [202822.4708016282, 9197354.820557412], [202819.40162882302, 9197356.090559954], [202796.75325019192, 9197364.87474419], [202773.25820320193, 9197372.283092339], [202768.07235949673, 9197373.553094877], [202764.4740189677, 9197373.341427788], [202762.3573480677, 9197372.177258795], [202761.19317907188, 9197370.272254983], [202760.47880264558, 9197368.732376903], [202759.28817526344, 9197367.938625315], [202757.03921243083, 9197366.218830211], [202755.18712539505, 9197363.705283513], [202753.59962221794, 9197361.456320684], [202751.74753517937, 9197357.355270816], [202750.29232393764, 9197353.78338867], [202749.1016965555, 9197350.211506527], [202747.24960951973, 9197346.639624381], [202745.52981441375, 9197342.935450308], [202744.20689510182, 9197339.628152028], [202743.28085158113, 9197336.717729539], [202741.29647261277, 9197334.336474776], [202738.8623010777, 9197330.92334295], [202733.78229091875, 9197334.018974138], [202728.70228075702, 9197333.93959898], [202724.8922731392, 9197333.622098345], [202720.7647648817, 9197334.81272573], [202716.31975599192, 9197334.415849933], [202711.95412226208, 9197333.701473504], [202709.57286749966, 9197334.495225092], [202708.69974075165, 9197336.876479855], [202707.5091133723, 9197339.575235251], [202706.31848598924, 9197340.686487475], [202705.28660892602, 9197341.083363269], [202703.22285479866, 9197340.607112318], [202702.7466038447, 9197341.400863906], [202702.1909777345, 9197344.972746046], [202701.34430937655, 9197348.071023079], [202698.59263720643, 9197353.68020096], [202686.92448886763, 9197367.200436333], [202674.7800895786, 9197374.74107642], [202668.98570299055, 9197375.61420316], [202662.63569029234, 9197374.899826735], [202653.03129608184, 9197371.804195542], [202643.74440250825, 9197368.391063718], [202639.14064330235, 9197366.724185385], [202635.80688663293, 9197364.42230578], [202631.91750385333, 9197362.041051017], [202628.18687139265, 9197361.009173956], [202625.88499179017, 9197361.961675858], [202624.69436440803, 9197364.342930622], [202623.74186250288, 9197366.644810222], [202622.70998543967, 9197369.105440143], [202620.96373194642, 9197373.074198086], [202617.70935043972, 9197376.090454115], [202598.8411918357, 9197384.35662528], [202598.5602253368, 9197384.479717162], [202575.5875995271, 9197387.267358424], [202572.7300938135, 9197387.690692604], [202572.09509254154, 9197388.537360962], [202571.5659248177, 9197389.913197048], [202571.77759190742, 9197393.194036944], [202572.41259317938, 9197396.580710383], [202573.78842926212, 9197400.602385093], [202573.3650950836, 9197405.576561708], [202572.7300938135, 9197410.868238958], [202572.2009260878, 9197414.466579488], [202572.94176090322, 9197421.874927642], [202559.71256777737, 9197425.684935259], [202553.3890134655, 9197427.087229723], [202549.81713132095, 9197419.414297713], [202548.94400457572, 9197411.304802326], [202534.15376666002, 9197415.352935424], [201691.0543419076, 9197361.245606208], [201669.07912302949, 9197342.1543117], [201681.33856008295, 9197403.058563612], [201685.51132497098, 9197408.876869405], [201724.78984252643, 9197436.761373848], [201802.78502188437, 9197498.583676994], [201857.03014910407, 9197530.243865002], [201864.51164181158, 9197554.515513957], [202404.08610374853, 9197585.436702685], [202451.64505303185, 9197606.66955765]]]}, "properties": {"Id": 0, "Nama_RT": "RT 011", "Luas": 18.2425548083}}, {"type": "Feature", "geometry": {"type": "Polygon", "coordinates": [[[202545.58555341233, 9197582.036800047], [202553.13942268677, 9197590.202299016], [202556.23505388014, 9197592.186677985], [202556.8700551493, 9197593.694806002], [202557.66380673554, 9197596.155435923], [202559.7275608629, 9197598.060439732], [202562.9025672134, 9197599.330442274], [202567.34757610317, 9197599.330442274], [202574.6500907084, 9197599.48919259], [202576.55509451684, 9197598.139814895], [202577.58697158378, 9197597.504813625], [202580.12697666138, 9197597.02856267], [202582.19073078968, 9197597.10793783], [202586.63573967852, 9197599.727318067], [202588.77920000162, 9197600.5747], [202604.06184653658, 9197605.669424955], [202612.9882923849, 9197608.246918442], [202616.58663291577, 9197607.929417808], [202619.65580572002, 9197607.082749449], [202621.74601823464, 9197607.215041379], [202622.53976982273, 9197608.246918442], [202625.3179003792, 9197612.13630122], [202628.5722818859, 9197616.740060428], [202631.7472882364, 9197621.502569955], [202634.9222945869, 9197626.820705589], [202637.7798003005, 9197629.36071067], [202639.20855315868, 9197631.106964162], [202642.06605887413, 9197634.91697178], [202643.09793593735, 9197639.123855194], [202645.95544165373, 9197645.394492736], [202648.41607157513, 9197648.251998452], [202650.32107538357, 9197650.871378692], [202652.06732887588, 9197652.062006071], [202655.00420974847, 9197651.823880594], [202656.19483713154, 9197649.60137615], [202657.94109062385, 9197648.331373611], [202664.05297784694, 9197645.553243054], [202666.1961071333, 9197646.505744958], [202667.30735935643, 9197647.616997182], [202668.81548737176, 9197649.680751309], [202671.35549245216, 9197652.697007341], [202672.5461198343, 9197654.1257602], [202674.29237332754, 9197655.55451306], [202675.7211261848, 9197656.58639012], [202682.22988920193, 9197654.681386312], [202684.37301848922, 9197653.570134088], [202686.83364841063, 9197651.268254485], [202688.34177642502, 9197649.442625834], [202690.64365602843, 9197648.172623295], [202693.5011617439, 9197646.585120121], [202696.84871464502, 9197644.217118338], [202698.25664935354, 9197643.699774588], [202694.7251887452, 9197637.086643012], [202694.37428849097, 9197633.488218928], [202694.61241396703, 9197630.630713211], [202695.48554071225, 9197627.931957815], [202695.9617916653, 9197625.788828528], [202696.9142935695, 9197624.756951464], [202700.00992476102, 9197622.693197336], [202699.9305496011, 9197621.502569957], [202698.66054706275, 9197619.121315192], [202697.07304388843, 9197617.136936223], [202696.51741777826, 9197615.54943305], [202709.77306928765, 9197609.19942035], [202708.89994254243, 9197607.85004265], [202733.26811627764, 9197594.356265662], [202730.5693608811, 9197589.18100531], [202728.9818577068, 9197586.958500866], [202727.87060548365, 9197585.688498328], [202726.91810357943, 9197584.021619994], [202726.5212277854, 9197581.878490707], [202726.6799781015, 9197579.497235944], [202730.88686151523, 9197578.54473404], [202732.47436468955, 9197577.909732768], [202733.42686659656, 9197577.11598118], [202734.85561945383, 9197575.607853165], [202736.99874873832, 9197575.449102847], [202742.79313532636, 9197574.02034999], [202750.49252572656, 9197570.686593324], [202755.5725358883, 9197569.01971499], [202760.57317088824, 9197566.797210544], [202768.82818739768, 9197564.971581893], [202773.6700720815, 9197562.66970229], [202774.94007462356, 9197562.431576813], [202774.94007462356, 9197561.399699751], [202774.94007462356, 9197560.447197847], [202774.06694787554, 9197558.2246934], [202772.9556956524, 9197555.605313163], [202771.68569311313, 9197553.144683242], [202772.40006954223, 9197552.033431018], [202774.4638236696, 9197551.001553953], [202778.03570581228, 9197549.33467562], [202783.83009240218, 9197547.588422129], [202787.7988503389, 9197546.79467054], [202789.06885288004, 9197546.477169905], [202790.0213547852, 9197544.33404062], [202790.73573121335, 9197543.540289033], [202793.43448661081, 9197543.143413236], [202795.6569910571, 9197542.111536173], [202797.40324454661, 9197541.79403554], [202800.10199994687, 9197540.206532365], [202804.86450947076, 9197538.142778236], [202814.78640431445, 9197534.253395457], [202819.62828899827, 9197533.062768077], [202826.2164271744, 9197530.28463752], [202829.15330804978, 9197529.490885932], [202831.0583118582, 9197528.220883394], [202831.8520634463, 9197527.26838149], [202835.34457043186, 9197526.633380217], [202837.32894940022, 9197525.760253472], [202838.6783270985, 9197524.01399998], [202840.10707995575, 9197523.140873235], [202845.42521559354, 9197522.267746484], [202848.75897226017, 9197520.68024331], [202864.39587853476, 9197515.917733785], [202864.7927543288, 9197516.711485375], [202865.82463139016, 9197518.06086307], [202868.5233867895, 9197517.108361166], [202870.03151480388, 9197514.647731245], [202870.66651607398, 9197513.377728704], [202880.81431864854, 9197514.406709768], [202880.81759475265, 9197513.854005076], [202880.83115545567, 9197511.568194365], [202880.839611358, 9197510.142494347], [202880.78319902625, 9197503.535209002], [202880.68446823768, 9197491.971381402], [202880.2073149141, 9197485.236688262], [202879.71388312615, 9197478.272120517], [202878.16428534593, 9197473.522890437], [202878.4756730767, 9197465.361306677], [202878.50721852016, 9197460.04371758], [202878.54128247034, 9197454.301585194], [202876.74795244448, 9197448.27251415], [202876.73651874717, 9197448.234118717], [202875.36193829775, 9197437.95739488], [202875.18359826878, 9197436.624037264], [202874.97399285063, 9197435.056885941], [202855.92566714808, 9197439.826501735], [202836.68071893696, 9197445.892844107], [202826.71560872905, 9197449.03402015], [202826.50394163746, 9197449.66902142], [202825.6572732795, 9197450.198189147], [202807.13640290312, 9197457.712370839], [202805.65473327413, 9197457.289036658], [202804.80806491338, 9197457.924037928], [202800.78639020398, 9197459.723208193], [202767.3429899849, 9197472.317400048], [202765.22631908394, 9197473.269901954], [202764.0803097412, 9197474.344285712], [202763.53298236243, 9197474.857405128], [202759.21056399588, 9197476.200586539], [202740.8846037332, 9197481.895335872], [202737.7889725417, 9197483.403463885], [202736.51897000242, 9197483.720964521], [202735.2489674613, 9197483.482839048], [202721.42798843049, 9197488.515478149], [202720.64393825084, 9197488.800974682], [202719.29456055444, 9197489.43597595], [202718.73893444147, 9197489.753476586], [202716.91330578923, 9197490.070977222], [202714.9289268218, 9197490.944103967], [202714.45267587062, 9197491.658480398], [202713.34142364748, 9197492.29348167], [202706.27703451738, 9197495.071612222], [202687.94137284625, 9197500.786623653], [202687.30637157615, 9197499.199120477], [202686.19511935394, 9197497.214741511], [202685.48074292485, 9197495.627238337], [202683.49636395648, 9197493.88098484], [202681.35323467012, 9197493.642859366], [202680.32135760598, 9197493.166608416], [202679.1307302257, 9197492.928482937], [202659.01574207935, 9197499.377714586], [202658.195532104, 9197493.133535428], [202656.3699034527, 9197483.291015744], [202664.466169646, 9197481.544762254], [202668.59367790073, 9197480.512885187], [202669.9430556018, 9197479.004757175], [202670.02243075892, 9197477.25850368], [202669.8636804428, 9197474.242247649], [202668.1809270773, 9197465.622105408], [202667.54592580535, 9197463.002725167], [202648.48064228334, 9197469.282708075], [202616.05790616293, 9197479.962550754], [202615.42290489282, 9197479.06296562], [202614.95185346715, 9197477.724874027], [202612.1686869897, 9197478.513598071], [202611.6723684771, 9197477.300477168], [202611.0603915006, 9197475.804659368], [202608.101900002, 9197468.573400002], [202605.73869455233, 9197469.773867186], [202597.59339500777, 9197470.919353358], [202596.8883643523, 9197471.996371632], [202596.7296140343, 9197472.948873537], [202597.28524014633, 9197475.012627667], [202596.33273823932, 9197478.346384333], [202594.50710958987, 9197482.315142272], [202592.04647966847, 9197486.998276634], [202590.98814421892, 9197488.903280446], [202589.6123081334, 9197492.39578743], [202589.29480749834, 9197496.205795052], [202589.4006410446, 9197499.486634945], [202591.4114783993, 9197503.931643836], [202595.96232083254, 9197505.51914701], [202596.44585744943, 9197506.075214121], [202598.07899173256, 9197507.953318546], [202600.61899681296, 9197511.974993255], [202603.05316834804, 9197518.536673045], [202603.05316834804, 9197522.39959744], [202602.25941675995, 9197529.067110777], [202600.67191358656, 9197534.305871252], [202596.86190596595, 9197541.290885223], [202593.2106486624, 9197546.05339475], [202586.19917630777, 9197552.80028324], [202580.11028645746, 9197557.044054957], [202577.46790884435, 9197558.885712078], [202564.2387157185, 9197568.013855336], [202557.0949514322, 9197573.57011645], [202545.58555341233, 9197582.036800047]]]}, "properties": {"Id": 0, "Nama_RT": "RT 012", "Luas": 3.32061835763}}, {"type": "Feature", "geometry": {"type": "Polygon", "coordinates": [[[202962.30180910602, 9198278.101699729], [202964.21902928594, 9198277.045475334], [202964.19057085086, 9198275.274140224], [202965.57965705264, 9198273.289755106], [202967.0348659139, 9198273.554376379], [202968.15935762692, 9198273.355843494], [202969.15146056376, 9198273.025122404], [202970.14371172804, 9198272.297591783], [202970.87126512825, 9198271.5037917], [202971.92968451697, 9198270.51166199], [202973.18641136773, 9198269.784029532], [202974.31087815482, 9198270.0485764], [202975.501561475, 9198269.65171331], [202976.42754507344, 9198268.924106384], [202977.15514807682, 9198268.262644196], [202978.8160605859, 9198269.003459975], [202980.7932210341, 9198269.056385403], [202982.84374498203, 9198268.527257781], [202984.16663857643, 9198267.005877886], [202987.36538491026, 9198264.29338951], [202991.11200108659, 9198260.854264162], [202995.27914149873, 9198259.59757821], [203000.83540027868, 9198259.862142216], [203007.68172499724, 9198261.280688241], [203015.25524722505, 9198262.507907398], [203020.5829914445, 9198272.32441861], [203019.20574738085, 9198253.426619297], [203019.1238028519, 9198252.302224796], [203010.61002060864, 9198224.601523282], [203005.18780104164, 9198207.715913052], [203001.96749354806, 9198200.434502859], [202991.17539226636, 9198176.032598002], [202985.44339884166, 9198167.04520566], [202977.08967689332, 9198156.725605108], [202940.76501647662, 9198118.32661539], [202933.59089745302, 9198108.215801815], [202909.9921990838, 9198074.957113048], [202908.34967944305, 9198066.121481843], [202906.92539398186, 9198058.459801124], [202904.8954086434, 9198047.539979981], [202905.55400528852, 9198025.160297498], [202905.46412127092, 9198021.794499435], [202904.4780852953, 9197984.863495922], [202901.92658594996, 9197971.681579933], [202899.89630139526, 9197959.292712845], [202896.75910431426, 9197954.18227081], [202893.47480288148, 9197948.83219824], [202889.9992188802, 9197943.170522306], [202885.0514943637, 9197934.977794483], [202859.96549918596, 9197908.23209512], [202857.9722119365, 9197904.415693767], [202839.74271737132, 9197869.512790931], [202839.68457962666, 9197869.401398377], [202839.0886763027, 9197852.185191851], [202838.4635675233, 9197834.12521217], [202837.88858755957, 9197817.513501188], [202845.2919042604, 9197810.710683653], [202853.49037505686, 9197802.859201226], [202863.30088620912, 9197789.223900447], [202880.02318003122, 9197762.989475882], [202882.4209903637, 9197757.73692405], [202884.6145984577, 9197749.489399591], [202884.908988039, 9197748.382596822], [202885.91748337168, 9197744.590887332], [202889.96977686975, 9197730.172340518], [202889.60629658215, 9197726.375565229], [202889.30531011056, 9197723.231693154], [202886.48152025603, 9197711.628123919], [202883.65620067157, 9197700.287917793], [202883.33445075806, 9197699.190264178], [202880.56321259588, 9197689.736121949], [202881.94359461777, 9197678.68420532], [202882.29011556692, 9197676.099339696], [202883.31928408332, 9197668.422279146], [202883.39378525037, 9197665.727299588], [202883.5914257234, 9197658.577200713], [202883.6540826941, 9197656.31078958], [202882.92610807996, 9197646.036375009], [202881.95550945774, 9197632.337105434], [202881.89695019182, 9197631.371082166], [202881.2523157522, 9197620.736564158], [202881.23692184687, 9197620.482709857], [202881.3228247529, 9197605.999719065], [202881.395299335, 9197593.783499999], [202881.43306988478, 9197587.418402504], [202881.43372418825, 9197587.30351273], [202880.9875016138, 9197573.870715965], [202881.31837280467, 9197566.660098754], [202881.59150518198, 9197560.707502207], [202880.31737876125, 9197553.853202395], [202880.11220023595, 9197544.108523985], [202880.33922770247, 9197538.15809262], [202880.5517035583, 9197532.589052714], [202880.7349777678, 9197527.785398504], [202880.8058727337, 9197515.83239984], [202880.80741985328, 9197515.569100125], [202880.65731387027, 9197514.39078958], [202870.6665160749, 9197513.377728704], [202870.03151480295, 9197514.647731245], [202868.52338679042, 9197517.10836117], [202865.82463139016, 9197518.060863074], [202864.79275432974, 9197516.711485377], [202864.39587853383, 9197515.917733785], [202848.7589722611, 9197520.68024331], [202845.42521559354, 9197522.267746484], [202840.10707995668, 9197523.140873235], [202838.67832709756, 9197524.013999982], [202837.32894940022, 9197525.760253474], [202835.3445704328, 9197526.63338022], [202831.8520634463, 9197527.268381491], [202831.05831185915, 9197528.220883396], [202829.1533080507, 9197529.490885932], [202826.2164271744, 9197530.284637524], [202820.7516711466, 9197532.589052714], [202819.62828899827, 9197533.062768077], [202814.78640431352, 9197534.25339546], [202804.86450947076, 9197538.142778236], [202800.10199994687, 9197540.206532367], [202797.40324454755, 9197541.79403554], [202795.65699105803, 9197542.111536173], [202793.43448660988, 9197543.143413238], [202790.73573121522, 9197543.540289033], [202790.02135478705, 9197544.334040621], [202789.06885288004, 9197546.477169905], [202787.7988503389, 9197546.794670543], [202783.83009240218, 9197547.588422129], [202778.0357058132, 9197549.334675623], [202774.4638236696, 9197551.001553953], [202772.4000695441, 9197552.033431018], [202771.68569311313, 9197553.144683242], [202772.9556956524, 9197555.605313163], [202774.06694787648, 9197558.2246934], [202774.9400746245, 9197560.447197849], [202774.9400746245, 9197561.399699753], [202774.9400746245, 9197562.431576813], [202773.67007208243, 9197562.66970229], [202768.8281873986, 9197564.971581893], [202760.5731708901, 9197566.797210546], [202755.57253588736, 9197569.019714994], [202750.4925257275, 9197570.686593324], [202742.7931353273, 9197574.02034999], [202736.99874873832, 9197575.449102847], [202734.85561945383, 9197575.607853165], [202733.4268665975, 9197577.11598118], [202732.47436469048, 9197577.909732772], [202730.8868615171, 9197578.544734044], [202726.6799781015, 9197579.497235948], [202726.52122778632, 9197581.878490709], [202726.91810358036, 9197584.021619998], [202727.87060548458, 9197585.688498328], [202728.98185770866, 9197586.95850087], [202730.56936088204, 9197589.18100531], [202733.26811627764, 9197594.356265662], [202708.89994254336, 9197607.85004265], [202709.7730692895, 9197609.199420352], [202696.5174177792, 9197615.549433053], [202697.07304388937, 9197617.136936225], [202698.6605470637, 9197619.121315192], [202699.93054960296, 9197621.502569957], [202700.00992476102, 9197622.693197338], [202696.91429357044, 9197624.756951466], [202695.96179166622, 9197625.788828531], [202695.48554071411, 9197627.931957815], [202694.61241396796, 9197630.630713211], [202694.3742884919, 9197633.488218931], [202694.72518874612, 9197637.086643012], [202698.25664935354, 9197643.699774588], [202698.51153192855, 9197644.177076247], [202701.28630000073, 9197649.373200001], [202707.2135997275, 9197660.218199255], [202707.84516627342, 9197661.373757273], [202718.09852970578, 9197680.134023152], [202730.7860000031, 9197703.3479], [202733.50490000006, 9197710.4741], [202735.18612886872, 9197714.952396756], [202732.15565209277, 9197715.993705608], [202725.77377837338, 9197718.313474502], [202722.91627265885, 9197719.504101882], [202720.6143930545, 9197721.250355374], [202717.99201972317, 9197724.440265648], [202726.7262802776, 9197737.046011964], [202729.34566051513, 9197740.617894106], [202730.45691273827, 9197743.872275619], [202727.52003186475, 9197748.132075798], [202725.271069034, 9197751.836249873], [202722.88981427345, 9197756.731051333], [202719.5825159913, 9197759.90605768], [202715.74604998436, 9197762.551896308], [202711.38041625172, 9197766.520654244], [202704.97748678084, 9197773.479209827], [202701.16747916117, 9197778.13588581], [202695.02913355269, 9197784.909232689], [202690.79579174984, 9197787.44923777], [202685.9274486797, 9197790.835911207], [202684.86911323108, 9197792.74091502], [202684.86911323108, 9197797.609258091], [202688.46745376196, 9197805.017606238], [202692.9124626508, 9197809.674282223], [202704.34248551168, 9197817.505964547], [202706.54183886852, 9197821.175963208], [202705.27183633018, 9197834.6697402], [202705.7480872795, 9197838.638498135], [202704.3193344213, 9197844.35350957], [202698.6043229932, 9197853.084777026], [202690.34930648282, 9197861.974794805], [202681.4592887042, 9197868.32480751], [202673.04552187677, 9197872.928566718], [202661.29799838085, 9197878.484827831], [202646.26963499002, 9197885.44338341], [202610.22008372564, 9197897.680387052], [202590.971607727, 9197895.31236148], [202561.8673828505, 9197893.724858304], [202516.88812622894, 9197899.016535556], [202495.1922495002, 9197905.366548255], [202471.90886960272, 9197923.358250909], [202461.85468282737, 9197934.999940855], [202461.3255150998, 9197950.874972604], [202467.37155726366, 9197972.592668371], [202490.16515611485, 9197982.237855263], [202527.96435847692, 9197998.232713016], [202549.85122437403, 9197977.118564026], [202570.0166211212, 9197957.665103737], [202579.39196937904, 9197964.2040722], [202596.92474463303, 9197976.43255331], [202617.3885368444, 9197990.705307936], [202626.93432544358, 9197997.363146046], [202629.32310951222, 9197999.029235305], [202648.84289228637, 9198012.643565455], [202657.45249753073, 9197999.029235255], [202662.54703431856, 9197990.97326555], [202684.39115880989, 9197956.431232719], [202697.97898617107, 9197934.944852216], [202701.62520762067, 9197929.179095676], [202705.91579907574, 9197922.394396786], [202696.32948748954, 9197907.268353164], [202689.1231261203, 9197895.897583973], [202689.23049557488, 9197895.52954985], [202733.96178929508, 9197880.921651985], [202738.3642593734, 9197879.369781286], [202744.89062503446, 9197877.06923739], [202749.68595364504, 9197875.378884055], [202754.00388199277, 9197876.691991203], [202757.94322551414, 9197877.889968501], [202758.01251186617, 9197881.651283829], [202758.12510273978, 9197887.763417128], [202757.77784983814, 9197889.791489067], [202779.99817680102, 9197891.859993055], [202781.79750000127, 9197892.959], [202779.6807033522, 9197897.57499583], [202782.53813013807, 9197903.766285041], [202789.20668895915, 9197916.552890489], [202790.00035328884, 9197919.331081083], [202791.85251383763, 9197923.432153182], [202792.6462324718, 9197925.548756553], [202794.36607516743, 9197924.093600238], [202793.96915771067, 9197925.416523792], [202794.89521571808, 9197926.739452817], [202796.35043101478, 9197926.210257875], [202798.59935949836, 9197929.120641435], [202800.05456149857, 9197932.031122308], [202803.75874567032, 9197936.925924014], [202809.05039442517, 9197937.851904305], [202814.20984445047, 9197941.556122875], [202819.36919134203, 9197946.318639455], [202822.14731446654, 9197950.94881062], [202822.8068094449, 9197952.369165583], [202823.65040000156, 9197955.0198], [202833.06140200514, 9197984.6006135], [202836.52395391, 9197992.945581239], [202840.03221473377, 9197999.692172896], [202840.81544138398, 9198001.198363764], [202845.56300410442, 9198010.199115936], [202843.71089150757, 9198016.350702543], [202843.04941875953, 9198021.443942532], [202843.38023181446, 9198024.55274922], [202843.94182784483, 9198026.399905805], [202844.17395037506, 9198027.727748923], [202844.76921640895, 9198029.18293628], [202845.82758448552, 9198032.027293567], [202846.42292634677, 9198033.15173826], [202847.67965403572, 9198034.805382868], [202849.13486364856, 9198035.863734905], [202850.7223608466, 9198036.789799644], [202854.02964476123, 9198037.980392115], [202856.38450370543, 9198039.237152519], [202858.8318693312, 9198040.361599298], [202861.54388372414, 9198041.419978553], [202864.78502172697, 9198043.47048852], [202871.79649062548, 9198051.407992985], [202875.8827193072, 9198059.825427841], [202878.9480999997, 9198065.828100001], [202886.87776042614, 9198081.438293679], [202891.5080137439, 9198085.274731776], [202892.10330357682, 9198087.58991036], [202891.24340931885, 9198090.23568132], [202891.83872539643, 9198092.352354242], [202893.22776544, 9198094.733602086], [202897.08441063203, 9198096.118670471], [202895.98085102346, 9198111.999443116], [202900.42588822916, 9198126.842612617], [202901.73529999983, 9198128.475400005], [202908.96377408225, 9198137.489284612], [202913.6020908039, 9198143.273226636], [202916.06277478207, 9198153.036348673], [202918.2059093006, 9198159.942024196], [202920.03149413597, 9198160.973883923], [202920.98404245824, 9198163.196430387], [202920.82526914682, 9198167.562059967], [202923.35059490986, 9198183.701915236], [202927.30650000088, 9198195.1173], [202930.64742184617, 9198204.757853726], [202936.4621953126, 9198221.5370958], [202942.41527867038, 9198228.363398256], [202942.970919732, 9198232.173439542], [202945.1934683062, 9198234.237157546], [202950.74973624758, 9198237.888416408], [202952.65468565002, 9198240.34904469], [202953.60723736603, 9198243.20658725], [202954.6390517885, 9198245.587804252], [202956.91454922687, 9198247.267903855], [202957.7082524728, 9198250.112151384], [202957.5759970229, 9198254.54399773], [202959.67380147148, 9198277.822792962], [202962.30180910602, 9198278.101699729]]]}, "properties": {"Id": 0, "Nama_RT": "RT 013", "Luas": 9.81245583747}}, {"type": "Feature", "geometry": {"type": "Polygon", "coordinates": [[[202588.77920000162, 9197600.5747], [202577.13889999874, 9197612.355800001], [202574.21040000021, 9197618.395100003], [202569.91870000027, 9197632.5898], [202564.88970000017, 9197638.090100002], [202557.48640000075, 9197644.8929], [202551.41339999996, 9197649.070200002], [202545.87569999974, 9197651.6707], [202536.66759999935, 9197652.406], [202529.03880000114, 9197652.8874], [202515.60630000103, 9197656.4943], [202511.87681865226, 9197658.476846112], [202511.69614821486, 9197658.57288828], [202508.74760000128, 9197660.140300004], [202500.0388000002, 9197665.3553], [202491.59140000027, 9197670.835200004], [202487.21798843332, 9197674.079495162], [202486.40453748126, 9197679.636825956], [202485.6901610531, 9197686.066213815], [202485.13453494012, 9197690.034971753], [202483.6264069248, 9197694.162480008], [202480.2926502563, 9197698.131237945], [202476.95889358968, 9197701.464994613], [202473.307636288, 9197705.830628347], [202471.00575668272, 9197708.68813406], [202468.78325223923, 9197711.545639776], [202467.27512422204, 9197715.03814676], [202465.76699620672, 9197719.086279856], [202465.21137009468, 9197723.716497453], [202464.9467862323, 9197727.156087663], [202463.09469919372, 9197733.241516503], [202460.0519847758, 9197738.26860989], [202453.96655593906, 9197742.634243619], [202449.46863027662, 9197748.455088593], [202449.733214139, 9197751.894678805], [202449.46863027662, 9197755.201977085], [202446.95508358255, 9197759.435318887], [202443.2509095082, 9197766.04991545], [202440.0759031577, 9197772.796803942], [202437.6946483953, 9197777.427021537], [202436.50402101316, 9197783.909326168], [202436.04099925235, 9197792.468614118], [202436.25266634393, 9197817.233663648], [202437.94600306358, 9197822.102006719], [202440.06267396454, 9197829.93368905], [202439.00433851406, 9197836.072034659], [202432.23099163547, 9197843.05704863], [202393.28424707334, 9197877.13545012], [202270.17337585334, 9197962.080099175], [201984.5550962817, 9198119.507497367], [201776.32759649493, 9198203.645165643], [201742.27746133972, 9198209.763793912], [201749.92965945043, 9198249.57341421], [201749.35987629276, 9198256.943498438], [201743.15515735932, 9198283.24042156], [201737.81192257628, 9198386.407128958], [201737.51039868966, 9198392.228925614], [201741.89125224762, 9198451.506114285], [201754.3661142364, 9198476.334114756], [201756.73588793352, 9198475.821532294], [201879.5489275176, 9198423.54097781], [201940.63083922118, 9198397.538840348], [201965.1427053362, 9198387.104319405], [201989.7903018063, 9198376.612005727], [201991.64510194957, 9198374.252989002], [201995.27856883593, 9198361.829648817], [201995.832741783, 9198359.934853155], [201996.27164200787, 9198358.434190607], [202006.94522329792, 9198321.939693473], [202022.0298683606, 9198311.074491696], [202052.6342783952, 9198289.030674035], [202090.4045315031, 9198262.3223538], [202138.90347153042, 9198228.027492274], [202198.06890706625, 9198186.19005364], [202204.15906606242, 9198181.883576548], [202224.84580793325, 9198167.255376332], [202254.17215820774, 9198146.5179138], [202259.18097724952, 9198142.976085901], [202289.19407761656, 9198121.752981206], [202341.79796926957, 9198084.555301046], [202366.2554861065, 9198083.29950504], [202366.45730989985, 9198083.289142987], [202372.01045081206, 9198083.00401028], [202387.0539755728, 9198082.231582299], [202427.57577012386, 9198080.150940245], [202438.33597208, 9198079.598443495], [202438.87908226717, 9198076.704960627], [202443.88685185276, 9198058.40643436], [202445.6118658753, 9198052.103185277], [202450.2440401381, 9198035.17709257], [202460.9598594429, 9197996.021190867], [202467.37155726273, 9197972.59266837], [202461.3255150998, 9197950.874972604], [202461.85468282644, 9197934.999940854], [202471.9088696018, 9197923.358250905], [202495.1922495002, 9197905.366548255], [202516.88812622707, 9197899.016535554], [202561.8673828505, 9197893.724858303], [202590.97160772607, 9197895.312361479], [202610.2200837247, 9197897.68038705], [202646.26963498816, 9197885.443383409], [202661.29799837992, 9197878.484827828], [202673.0455218749, 9197872.928566715], [202681.45928870328, 9197868.324807506], [202690.34930648282, 9197861.974794805], [202694.14514003508, 9197857.886974057], [202698.60432299227, 9197853.084777026], [202704.3193344213, 9197844.353509566], [202705.7480872795, 9197838.638498133], [202705.27183632832, 9197834.669740198], [202706.5418388676, 9197821.175963208], [202704.34248551074, 9197817.505964547], [202692.9124626508, 9197809.674282221], [202688.46745376103, 9197805.017606238], [202684.86911322922, 9197797.60925809], [202684.86911322922, 9197792.740915019], [202685.9274486797, 9197790.835911207], [202690.79579174984, 9197787.449237768], [202695.02913355082, 9197784.909232687], [202701.16747916024, 9197778.13588581], [202704.9774867799, 9197773.479209827], [202711.38041625172, 9197766.52065424], [202715.74604998436, 9197762.551896304], [202719.5825159913, 9197759.90605768], [202722.8898142716, 9197756.73105133], [202725.27106903307, 9197751.836249873], [202727.52003186382, 9197748.132075798], [202730.45691273827, 9197743.872275619], [202729.34566051513, 9197740.617894106], [202726.7262802776, 9197737.046011964], [202717.99201972317, 9197724.440265646], [202720.61439305265, 9197721.250355374], [202722.91627265792, 9197719.504101884], [202725.77377837338, 9197718.313474499], [202732.15565209184, 9197715.993705608], [202735.1861288678, 9197714.952396758], [202733.50490000006, 9197710.4741], [202731.45059463102, 9197705.089793501], [202730.78600000124, 9197703.3479], [202718.09852970764, 9197680.13402315], [202707.84516627342, 9197661.37375727], [202707.2135997275, 9197660.218199255], [202701.28630000073, 9197649.3732], [202698.5115319295, 9197644.177076247], [202698.25664935354, 9197643.699774588], [202696.84871464502, 9197644.217118338], [202693.5011617439, 9197646.585120121], [202690.64365602843, 9197648.172623297], [202688.34177642502, 9197649.442625834], [202686.83364841063, 9197651.268254485], [202684.37301848922, 9197653.570134088], [202682.22988920193, 9197654.681386314], [202675.7211261848, 9197656.58639012], [202674.29237332754, 9197655.55451306], [202672.5461198343, 9197654.1257602], [202671.35549245216, 9197652.697007341], [202668.81548737176, 9197649.680751309], [202667.30735935643, 9197647.616997182], [202666.1961071333, 9197646.505744958], [202664.05297784694, 9197645.553243054], [202657.94109062385, 9197648.331373611], [202656.19483713154, 9197649.60137615], [202655.00420974847, 9197651.823880594], [202652.06732887588, 9197652.062006071], [202650.32107538357, 9197650.871378692], [202648.41607157513, 9197648.251998454], [202645.95544165373, 9197645.394492736], [202643.09793593735, 9197639.123855194], [202642.06605887413, 9197634.91697178], [202639.20855315868, 9197631.106964162], [202637.7798003005, 9197629.36071067], [202634.9222945869, 9197626.820705589], [202631.7472882364, 9197621.502569957], [202628.5722818859, 9197616.74006043], [202625.3179003792, 9197612.13630122], [202622.53976982273, 9197608.246918442], [202621.74601823464, 9197607.215041379], [202619.65580572002, 9197607.082749449], [202616.58663291577, 9197607.929417808], [202612.9882923849, 9197608.246918442], [202604.06184653658, 9197605.669424955], [202599.0136397872, 9197603.986521093], [202588.77920000162, 9197600.5747]]]}, "properties": {"Id": 0, "Nama_RT": "RT 014", "Luas": 22.0238104629}}, {"type": "Feature", "geometry": {"type": "Polygon", "coordinates": [[[202449.46863027662, 9197755.201977085], [202449.733214139, 9197751.894678805], [202449.46863027662, 9197748.455088593], [202453.96655593906, 9197742.634243619], [202460.0519847758, 9197738.26860989], [202463.09469919372, 9197733.241516504], [202464.9467862323, 9197727.156087663], [202465.21137009468, 9197723.716497453], [202465.76699620672, 9197719.086279856], [202467.27512422204, 9197715.03814676], [202468.78325223923, 9197711.545639778], [202471.00575668272, 9197708.68813406], [202473.307636288, 9197705.830628349], [202476.95889358968, 9197701.464994613], [202480.2926502563, 9197698.131237945], [202483.6264069248, 9197694.162480008], [202485.13453494012, 9197690.034971753], [202485.6901610531, 9197686.066213815], [202486.40453748126, 9197679.636825956], [202487.21798843332, 9197674.079495162], [202491.59140000027, 9197670.835200004], [202500.0388000002, 9197665.3553], [202508.74760000128, 9197660.140300004], [202511.69614821486, 9197658.57288828], [202511.87681865226, 9197658.476846112], [202515.60630000103, 9197656.4943], [202529.03880000114, 9197652.8874], [202536.66759999935, 9197652.406], [202545.87569999974, 9197651.6707], [202551.41339999996, 9197649.070200002], [202557.48640000075, 9197644.8929], [202564.88970000017, 9197638.090100002], [202569.91870000027, 9197632.5898], [202574.21040000021, 9197618.395100003], [202577.13889999874, 9197612.355800001], [202588.77920000162, 9197600.5747], [202586.63573967852, 9197599.727318067], [202582.19073078968, 9197597.10793783], [202580.12697666138, 9197597.02856267], [202577.58697158378, 9197597.504813625], [202576.55509451684, 9197598.139814897], [202574.6500907084, 9197599.48919259], [202567.34757610317, 9197599.330442274], [202562.9025672134, 9197599.330442274], [202559.7275608629, 9197598.060439732], [202557.66380673554, 9197596.155435923], [202556.8700551493, 9197593.694806002], [202556.23505388014, 9197592.186677985], [202553.13942268677, 9197590.202299016], [202545.58555341233, 9197582.036800047], [202543.20429864991, 9197583.492011292], [202539.3678326439, 9197586.799309572], [202535.00219891313, 9197591.694111029], [202531.16573290713, 9197595.265993172], [202527.72614269424, 9197599.102459177], [202523.2282170318, 9197603.600384843], [202516.13736951817, 9197604.949762538], [202507.53839398455, 9197604.685178677], [202466.1897393819, 9197606.15317825], [202451.64505303185, 9197606.66955765], [202450.26197023783, 9197606.052075624], [202417.2026282465, 9197591.292619742], [202411.48761681747, 9197588.741133414], [202404.87302025687, 9197585.788024243], [202404.08610374853, 9197585.436702685], [202382.6479758015, 9197584.20815603], [202298.47826451436, 9197579.38467436], [202298.46617429424, 9197579.38398151], [202298.45739075448, 9197590.967277085], [202302.69073255267, 9197611.287317725], [202310.52241488453, 9197636.052367257], [202321.63493710663, 9197664.018881526], [202322.0318129016, 9197667.458471738], [202327.05890628975, 9197679.761621343], [202329.44016105216, 9197682.539751902], [202332.08599967603, 9197682.672043832], [202337.64226078894, 9197680.158497138], [202348.88707494643, 9197674.20536023], [202366.8787775971, 9197668.119931394], [202376.80067243986, 9197665.341800835], [202377.36752673797, 9197668.46383967], [202378.42936690152, 9197672.700939678], [202380.74517685827, 9197682.150372649], [202382.25330487266, 9197687.07163249], [202384.31705900002, 9197691.516641377], [202386.38081312738, 9197699.057281459], [202387.65081566945, 9197705.327918999], [202388.1270666197, 9197707.074172493], [202381.45955328457, 9197717.39294313], [202380.1895507453, 9197721.599826545], [202378.91954820603, 9197727.156087657], [202382.80893098563, 9197733.4267252], [202389.5558194779, 9197737.23673282], [202391.8576990813, 9197737.23673282], [202393.6833277326, 9197739.459237268], [202394.15957868658, 9197741.919867184], [202390.5083213821, 9197744.85674806], [202384.0789335249, 9197747.555503456], [202376.3795431247, 9197750.80988497], [202371.9609926222, 9197752.794263937], [202368.38911047764, 9197753.98489132], [202363.09743322898, 9197753.98489132], [202359.26096722204, 9197752.794263937], [202349.73594817054, 9197752.265096214], [202342.98905967828, 9197752.397388143], [202322.74839419592, 9197746.97341896], [202321.425474884, 9197750.67759304], [202319.44109591562, 9197758.218233118], [202317.45671694726, 9197763.642202301], [202315.34004604723, 9197770.389090793], [202320.3671394335, 9197775.151600318], [202327.6431956524, 9197780.707861427], [202338.62342594564, 9197786.131830608], [202340.60780491587, 9197786.793290265], [202341.4015565021, 9197790.232880479], [202341.0046807099, 9197802.932905879], [202341.28690349683, 9197812.299174614], [202342.98024021648, 9197838.12255959], [202345.3085782053, 9197857.172597691], [202351.02358963713, 9197872.200961083], [202356.63159287907, 9197902.425230112], [202393.28424707334, 9197877.13545012], [202431.2542992523, 9197843.911654465], [202432.23099163547, 9197843.05704863], [202439.00433851406, 9197836.072034659], [202440.06267396454, 9197829.93368905], [202437.94600306358, 9197822.102006719], [202436.25266634393, 9197817.233663648], [202436.04099925235, 9197792.468614118], [202436.50402101316, 9197783.909326168], [202437.6946483953, 9197777.427021537], [202439.28988924157, 9197774.325164339], [202440.0759031577, 9197772.796803942], [202443.2509095082, 9197766.04991545], [202446.95508358255, 9197759.43531889], [202449.46863027662, 9197755.201977085]]]}, "properties": {"Id": 0, "Nama_RT": "RT 015", "Luas": 3.88063336366}}, {"type": "Feature", "geometry": {"type": "Polygon", "coordinates": [[[202321.425474884, 9197750.67759304], [202322.74839419592, 9197746.97341896], [202342.98905967828, 9197752.397388143], [202349.73594817054, 9197752.265096214], [202359.26096722204, 9197752.794263937], [202363.09743322898, 9197753.98489132], [202368.38911047764, 9197753.98489132], [202371.9609926222, 9197752.794263937], [202376.3795431247, 9197750.80988497], [202384.0789335249, 9197747.555503456], [202390.5083213821, 9197744.85674806], [202394.15957868658, 9197741.919867184], [202393.6833277326, 9197739.459237268], [202391.8576990813, 9197737.23673282], [202389.5558194779, 9197737.23673282], [202382.80893098563, 9197733.4267252], [202378.91954820603, 9197727.156087657], [202380.1895507453, 9197721.599826545], [202381.45955328457, 9197717.39294313], [202388.1270666197, 9197707.074172493], [202387.65081566945, 9197705.327918999], [202386.38081312738, 9197699.057281459], [202384.31705900002, 9197691.516641377], [202382.25330487266, 9197687.07163249], [202380.74517685827, 9197682.150372649], [202378.42936690152, 9197672.700939678], [202377.36752673797, 9197668.46383967], [202376.80067243986, 9197665.341800835], [202366.8787775971, 9197668.119931394], [202348.88707494643, 9197674.20536023], [202337.64226078894, 9197680.158497138], [202332.08599967603, 9197682.672043832], [202329.44016105216, 9197682.539751902], [202327.05890628975, 9197679.761621343], [202322.0318129016, 9197667.458471738], [202321.63493710663, 9197664.018881526], [202310.52241488453, 9197636.052367257], [202302.69073255267, 9197611.287317725], [202298.45739075448, 9197590.967277085], [202298.46617429424, 9197579.38398151], [201874.53127828613, 9197555.089705458], [201864.51164181158, 9197554.515513957], [201864.20539957378, 9197555.089705458], [201816.9097025469, 9197643.767176906], [201797.0720274262, 9197663.136126114], [201769.81200040877, 9197692.467745936], [201758.26661071088, 9197732.426451504], [201716.46083467174, 9197775.628413916], [201705.17679311987, 9197815.852023356], [201701.60942289978, 9197840.847942831], [201701.9785716012, 9197867.183990302], [201704.50938367005, 9197883.789381344], [201705.81006126292, 9197886.16717055], [201764.7512965491, 9197924.175392965], [201756.27490568534, 9198022.876837043], [201750.87941767368, 9198045.7551681], [201746.24177946895, 9198082.511618147], [201742.04794436228, 9198115.750625543], [201742.27746133972, 9198209.763793912], [201776.32759649493, 9198203.645165643], [201984.5550962817, 9198119.507497367], [202270.17337585334, 9197962.080099175], [202356.63159287907, 9197902.42523011], [202351.02358963713, 9197872.200961083], [202345.3085782053, 9197857.172597691], [202342.98024021648, 9197838.12255959], [202341.28690349683, 9197812.299174614], [202341.0046807099, 9197802.932905879], [202341.4015565021, 9197790.232880479], [202340.60780491587, 9197786.793290265], [202338.62342594564, 9197786.131830608], [202327.6431956524, 9197780.707861427], [202320.3671394335, 9197775.151600318], [202315.34004604723, 9197770.389090793], [202317.45671694726, 9197763.642202301], [202319.44109591562, 9197758.218233118], [202321.425474884, 9197750.67759304]]]}, "properties": {"Id": 0, "Nama_RT": "RT 016", "Luas": 29.8548731203}}, {"type": "Feature", "geometry": {"type": "Polygon", "coordinates": [[[203031.95611730684, 9196841.543982474], [203031.95028445683, 9196841.409187902], [203181.5824121451, 9196845.285342371], [203204.83812810387, 9196843.867976382], [203322.0583742652, 9196847.912935125], [203314.4750166433, 9196840.757920308], [203312.89469933603, 9196839.402629947], [203300.87038617767, 9196829.090501087], [203292.24304688256, 9196820.612613423], [203292.03630626295, 9196811.131310053], [203290.47579049878, 9196808.22536687], [203280.0390469972, 9196794.470036006], [203269.87150426116, 9196779.662954984], [203254.1039740797, 9196777.98943806], [203244.90859025717, 9196776.618227912], [203238.07037135493, 9196776.841009025], [203228.72136201337, 9196757.035391334], [203223.53736371733, 9196744.364534736], [203206.64151459467, 9196755.587753378], [203202.99460050184, 9196749.772737153], [203201.9662364265, 9196745.816602277], [203202.52493379638, 9196740.289867133], [203205.1997125009, 9196732.668998456], [203208.4019490173, 9196724.787922913], [203210.2894444503, 9196716.899048993], [203212.43207798898, 9196710.328366859], [203215.35418359097, 9196705.342322286], [203219.32339493185, 9196701.152495665], [203226.21314772777, 9196692.239950782], [203232.03704966418, 9196685.691104392], [203231.78815890383, 9196683.319607528], [203230.49997211434, 9196678.835261075], [203225.81220725924, 9196671.17072194], [203232.76599660143, 9196651.46179734], [203235.43608459923, 9196644.630909275], [203240.7434582198, 9196636.498986702], [203256.7879476212, 9196635.804147253], [203272.8293110719, 9196635.635955395], [203287.81419729255, 9196636.251499368], [203289.96462855488, 9196628.364187473], [203291.59072639514, 9196620.210430512], [203293.49070366658, 9196610.214949429], [203296.1639055647, 9196602.857409379], [203296.80465495307, 9196599.745265922], [203297.78844135068, 9196594.966979051], [203297.84934934694, 9196584.697255697], [203297.1729555074, 9196565.733087681], [203296.74545546807, 9196549.140415154], [203295.83735820558, 9196524.908161925], [203295.6181441918, 9196517.533467272], [203293.02147555538, 9196511.988019358], [203283.66316545848, 9196493.762357306], [203276.64951528795, 9196479.237297444], [203269.35261600465, 9196468.13391711], [203291.88379333913, 9196451.853308188], [203287.10263477266, 9196444.574915394], [203271.92322128918, 9196421.46717033], [203243.52956608217, 9196384.860304916], [203232.57509199344, 9196373.378229542], [203230.21951341908, 9196371.520902457], [203227.85768481344, 9196370.716880767], [203224.1795624718, 9196370.168383809], [203216.1665573595, 9196355.798944697], [203211.9507881133, 9196348.238954576], [203199.4684576178, 9196324.727998976], [203189.321397949, 9196306.497610878], [203188.8423924651, 9196298.59469543], [203187.061012323, 9196291.354665162], [203191.83280791622, 9196277.666709436], [203197.98998639174, 9196259.269780701], [203203.0656247409, 9196245.869782327], [203207.09607343934, 9196236.25995562], [203208.1335050445, 9196233.786400264], [203211.8725877069, 9196224.065185698], [203214.55049031042, 9196215.917679232], [203217.7620954085, 9196206.456617426], [203222.58261539415, 9196191.738423483], [203226.8585119173, 9196180.1770776], [203231.9498105049, 9196164.143798428], [203236.28101980314, 9196143.260675656], [203238.19510667212, 9196130.895217743], [203241.44737816323, 9196114.587713756], [203244.17528626788, 9196098.013786077], [203247.42439466715, 9196082.232908923], [203249.3355170628, 9196068.930607673], [203252.14641676564, 9196056.096509986], [203252.8483213801, 9196052.718978789], [203238.8743274063, 9196043.0478518], [203229.97798326518, 9196035.62164193], [203222.90974684618, 9196030.312967822], [203214.52678951807, 9196024.996487057], [203208.22393917013, 9196023.642389748], [203200.60636657104, 9196022.280486025], [203195.87649291754, 9196021.725732964], [203189.04619027115, 9196020.631837137], [203178.79917272273, 9196019.25431797], [203172.49163186736, 9196018.690195128], [203165.4015115844, 9196017.06808138], [203153.5768265333, 9196015.681188693], [203142.54253840167, 9196014.03565067], [203132.81828159746, 9196013.187897185], [203122.57126286812, 9196011.810365377], [203110.74344878923, 9196010.950114977], [203097.60403896403, 9196009.555399962], [203085.255026442, 9196007.90203976], [203075.53076766618, 9196007.054274332], [203066.3355260184, 9196005.682977129], [203065.27123455983, 9196007.783343656], [203064.33176212106, 9196012.849176358], [203063.49756903388, 9196020.48096626], [203064.49616907258, 9196029.440322584], [203066.0237877909, 9196037.876148842], [203066.23199119605, 9196047.094146209], [203062.2346408777, 9196056.023828715], [203057.45471089054, 9196063.895519083], [203053.42294961493, 9196078.618390456], [203048.33002276067, 9196094.914975781], [203046.1701564286, 9196104.382245129], [203044.25603102893, 9196116.747670827], [203044.4454684751, 9196129.125590539], [203045.88707645796, 9196152.044389019], [203044.92464638874, 9196181.268974392], [203042.2514015427, 9196188.626507552], [203034.0250186203, 9196201.217782171], [203024.73746553063, 9196215.382771038], [203017.8367523076, 9196226.13856661], [203014.930271985, 9196228.491329443], [203007.80258067697, 9196233.189046357], [203003.5798055483, 9196235.79732714], [203002.78370028734, 9196236.25995562], [202999.09408391826, 9196238.404045977], [202998.74042621255, 9196253.675440995], [202995.556921456, 9196258.396583501], [202980.9760176558, 9196278.32352878], [202979.36862368695, 9196283.31736877], [202977.9991515875, 9196292.526000613], [202954.44520859048, 9196317.929710332], [202934.05911570322, 9196341.245544584], [202932.72561258078, 9196344.397658616], [202933.75652566366, 9196355.798944697], [202936.18007250037, 9196382.601932531], [202931.86031015497, 9196401.53648431], [202926.7094772393, 9196427.576179394], [202920.48808683548, 9196456.76955236], [202913.75800418295, 9196483.063206647], [202912.68431869615, 9196486.743537499], [202908.3350056, 9196493.28977096], [202905.8875605492, 9196496.973466827], [202904.3000573758, 9196529.517281916], [202897.63254404347, 9196550.154823186], [202887.79002435692, 9196563.17234922], [202875.72500022408, 9196568.252359383], [202866.9937327616, 9196571.268615413], [202855.88121053856, 9196571.586116051], [202845.39509393927, 9196570.611494813], [202836.41107831988, 9196577.931521565], [202831.12391937058, 9196582.640196126], [202824.25758329406, 9196587.602798209], [202806.5790148247, 9196597.767899837], [202797.86731058918, 9196603.509524494], [202794.43490696978, 9196605.859193172], [202792.36810093094, 9196609.56320052], [202787.25867704488, 9196618.720021028], [202777.41379833687, 9196638.148478625], [202772.03908031993, 9196657.603414787], [202767.22358524054, 9196669.703594131], [202759.49272225145, 9196689.129289353], [202750.68090000097, 9196711.7239], [202742.6500775898, 9196735.639794298], [202732.48517405428, 9196758.604579618], [202724.2733221529, 9196777.156909807], [202720.79411256034, 9196785.017217368], [202720.02521552145, 9196786.78479371], [202696.2814000016, 9196817.948800001], [202695.91922999453, 9196819.868927043], [202695.4993969556, 9196822.09476782], [202695.32753795572, 9196823.005917564], [202695.08572136052, 9196824.2879635], [202694.68676470686, 9196826.403123345], [202694.38553417474, 9196828.000165824], [202694.25242453068, 9196828.705877017], [202692.46425615344, 9196838.186260197], [202690.52099239733, 9196852.853326146], [202708.82276107464, 9196853.269522963], [202714.0615215525, 9196853.587023597], [202719.61778266262, 9196854.222024867], [202723.2690399671, 9196854.222024867], [202727.07904758677, 9196854.69827582], [202730.41280425433, 9196855.015776454], [202735.81031504925, 9196855.174526772], [202741.2078258451, 9196854.857026136], [202745.3353340989, 9196855.96827836], [202745.65283473395, 9196856.920780268], [202750.5740945777, 9196856.603279628], [202752.00284743402, 9196857.555781536], [202757.08285759483, 9196857.555781536], [202766.44912632648, 9196857.07953058], [202768.51288045477, 9196858.190782804], [202775.0216434719, 9196858.190782804], [202778.51415045653, 9196858.667033756], [202780.7366549028, 9196858.667033756], [202790.57917458657, 9196859.302035028], [202799.78669300396, 9196859.77828598], [202806.13670570124, 9196860.254536932], [202810.74046490993, 9196860.730787884], [202813.28046998847, 9196861.52453947], [202830.74300491624, 9196862.000790423], [202832.48925840762, 9196862.477041377], [202836.29926602915, 9196861.68328979], [202838.99802142475, 9196861.842040109], [202842.01427745726, 9196862.477041377], [202847.25303793512, 9196862.794542013], [202849.15804174636, 9196863.112042645], [202850.26929396484, 9196865.334547093], [202854.39680222142, 9196864.223294869], [202856.4605563525, 9196866.128298678], [202860.7468149215, 9196864.699545821], [202868.04932952765, 9196849.935766293], [202870.58933460806, 9196844.220754866], [202877.55318186712, 9196835.171986762], [202883.58569393493, 9196835.965738352], [202888.82445441, 9196836.283238987], [202915.0182567984, 9196837.076990573], [202921.52701981552, 9196829.615725655], [202934.06829489768, 9196832.155730732], [202952.80083236285, 9196834.219484858], [202953.27708331496, 9196835.4894874], [202965.65960807912, 9196837.394491209], [202974.0733749075, 9196838.346993113], [202980.42338760942, 9196838.823244065], [202988.04340284877, 9196839.775745971], [202992.17091110535, 9196838.981994385], [203002.1192643335, 9196839.9080379], [203031.95611730684, 9196841.543982474]]]}, "properties": {"Id": 0, "Nama_RT": "RT 001", "Luas": 28.4568518185}}, {"type": "Feature", "geometry": {"type": "Polygon", "coordinates": [[[202937.72807336878, 9197140.84585502], [202940.1491055563, 9197140.450085], [202942.3453000011, 9197153.884800004], [202945.20530932117, 9197167.36872744], [202945.21214379556, 9197167.40094956], [202971.44076547492, 9197160.851129448], [202972.8695183359, 9197164.819887388], [202980.6482838923, 9197162.12113199], [202985.88704437017, 9197159.739877228], [202986.04579468537, 9197158.152374052], [202987.47454754356, 9197155.771119291], [202993.34830929153, 9197155.771119291], [203011.12834485155, 9197152.437362622], [203043.86321942415, 9197146.967534412], [203033.96894564573, 9197141.793641739], [203032.18300457578, 9197137.22957011], [203030.000187709, 9197130.945703378], [203026.22986766696, 9197123.868085051], [203022.52569359448, 9197118.179532008], [203020.8323568739, 9197115.599839348], [203019.0658607278, 9197106.24102023], [203016.77099458408, 9197105.479506608], [203014.8639000021, 9197100.237], [203016.02080000006, 9197098.0318], [203017.34170000255, 9197094.8007], [203018.11120000202, 9197091.408200007], [203018.71659999806, 9197082.4452], [203018.37651158776, 9197074.010496259], [203018.36960581318, 9197073.839222712], [203022.57956024166, 9197071.032033222], [203038.82578592375, 9197064.672566641], [203040.30466425698, 9197063.759123374], [203043.32820091955, 9197061.61233722], [203048.23978245445, 9197061.223924495], [203055.6091182446, 9197060.898665866], [203119.66064525116, 9196998.24450215], [203123.23252739199, 9196991.10073786], [203124.82003056817, 9196982.369470403], [203123.23252739199, 9196978.003836667], [203125.61378215533, 9196957.76317119], [203087.3549556369, 9196904.343689352], [203031.95611730684, 9196841.543982474], [203002.1192643335, 9196839.9080379], [202992.17091110535, 9196838.981994385], [202988.04340284877, 9196839.775745971], [202980.42338760942, 9196838.823244065], [202974.0733749075, 9196838.346993113], [202965.65960807912, 9196837.394491209], [202953.27708331496, 9196835.4894874], [202952.80083236285, 9196834.219484858], [202934.06829489768, 9196832.155730732], [202921.52701981552, 9196829.615725655], [202915.0182567984, 9196837.076990573], [202888.82445441, 9196836.283238987], [202883.58569393493, 9196835.965738354], [202877.55318186712, 9196835.171986762], [202870.58933460806, 9196844.220754866], [202868.04932952765, 9196849.935766293], [202860.7468149215, 9196864.699545821], [202856.4605563525, 9196866.128298678], [202854.39680222142, 9196864.223294869], [202850.26929396484, 9196865.334547093], [202849.15804174636, 9196863.112042645], [202847.25303793512, 9196862.794542013], [202842.01427745726, 9196862.47704138], [202838.99802142475, 9196861.842040109], [202836.29926602915, 9196861.68328979], [202832.48925840762, 9196862.47704138], [202830.74300491624, 9196862.000790423], [202813.28046998847, 9196861.52453947], [202810.74046490993, 9196860.730787884], [202806.13670570124, 9196860.254536932], [202799.78669300396, 9196859.77828598], [202790.57917458657, 9196859.302035028], [202780.7366549028, 9196858.667033756], [202778.51415045653, 9196858.667033756], [202775.0216434719, 9196858.190782804], [202768.51288045477, 9196858.190782804], [202766.44912632648, 9196857.07953058], [202757.08285759483, 9196857.555781536], [202752.00284743402, 9196857.555781536], [202750.5740945777, 9196856.603279628], [202745.65283473395, 9196856.920780268], [202745.3353340989, 9196855.968278365], [202741.2078258451, 9196854.857026136], [202735.81031504925, 9196855.174526772], [202730.41280425433, 9196855.015776454], [202727.07904758677, 9196854.69827582], [202723.2690399671, 9196854.222024867], [202719.61778266262, 9196854.222024867], [202714.0615215525, 9196853.5870236], [202708.82276107464, 9196853.269522963], [202690.52099239733, 9196852.853326146], [202689.15060000122, 9196867.413700003], [202689.8308996642, 9196875.224609386], [202691.85840000305, 9196898.503500003], [202694.30031744763, 9196909.05190362], [202697.62056916207, 9196923.394619714], [202701.24398668855, 9196933.15960619], [202705.90042633004, 9196946.09077593], [202712.11112866923, 9196962.981198743], [202713.06538587157, 9196965.433479117], [202716.49246187788, 9196974.240487562], [202717.31559173763, 9196976.355792746], [202718.06829088368, 9196978.290102854], [202718.22839765903, 9196978.714500885], [202724.54039202817, 9196995.445415214], [202728.60842079297, 9197006.381278075], [202730.23459443916, 9197010.752775224], [202732.95836163778, 9197018.562901158], [202735.66429055855, 9197026.321877662], [202735.71109216195, 9197026.456731064], [202736.92853612266, 9197029.96529019], [202739.27981468476, 9197036.74145414], [202740.05938923173, 9197038.988114756], [202741.03199840523, 9197047.309800189], [202742.0613296153, 9197056.116890779], [202742.46027573477, 9197062.125651687], [202743.24095817003, 9197073.883966276], [202743.2682007337, 9197074.294282712], [202743.60942445416, 9197086.271553196], [202743.70340577327, 9197089.570384972], [202744.98689341545, 9197094.844719714], [202744.94310520776, 9197102.21789496], [202745.38172713574, 9197109.631684067], [202745.56980978884, 9197112.810778668], [202745.66002257168, 9197114.335619891], [202745.23723954335, 9197119.867733654], [202744.89211522322, 9197124.383940952], [202744.53635184933, 9197129.039368134], [202744.2837443538, 9197132.344924306], [202744.02794163208, 9197135.692292338], [202743.74325455446, 9197139.417633556], [202741.22767826356, 9197156.432209881], [202740.78367511835, 9197159.435309172], [202740.35405811016, 9197162.341105122], [202751.83615959994, 9197161.942537878], [202757.78929650597, 9197160.751910495], [202769.56327838916, 9197159.693575043], [202779.08829743695, 9197157.709196076], [202785.43831013888, 9197157.04773642], [202794.16957760137, 9197156.783152558], [202799.85813064408, 9197155.857109042], [202802.50396926887, 9197155.063357452], [202805.28209982533, 9197154.79877359], [202808.19252231345, 9197154.666481659], [202812.69044797588, 9197154.269605866], [202817.7175413631, 9197153.740438137], [202820.7602557838, 9197152.946686551], [202826.05193302967, 9197152.54981076], [202833.5925731128, 9197152.68210269], [202834.6509085605, 9197151.226891445], [202836.23841173947, 9197151.226891445], [202836.89987139404, 9197150.43313986], [202858.59574812092, 9197148.184177026], [202863.88742536958, 9197147.787301233], [202865.73951241001, 9197146.993549647], [202866.66555592604, 9197146.067506127], [202874.33848793525, 9197145.935214194], [202912.0416883435, 9197146.199798057], [202937.72807336878, 9197140.84585502]]]}, "properties": {"Id": 0, "Nama_RT": "RT 002", "Luas": 10.7071283273}}, {"type": "Feature", "geometry": {"type": "Polygon", "coordinates": [[[203031.95611730684, 9196841.543982474], [203087.3549556369, 9196904.343689352], [203115.758936896, 9196944.003190152], [203125.61378215533, 9196957.76317119], [203123.23252739199, 9196978.003836667], [203124.82003056817, 9196982.369470403], [203123.23252739199, 9196991.10073786], [203119.66064525116, 9196998.24450215], [203090.3061149465, 9197026.958627068], [203055.6091182446, 9197060.898665866], [203048.23978245445, 9197061.223924495], [203043.32820091955, 9197061.61233722], [203040.30466425698, 9197063.759123374], [203038.82578592375, 9197064.672566641], [203022.57956024166, 9197071.032033222], [203018.36960581318, 9197073.839222712], [203018.37651158776, 9197074.010496259], [203018.71659999806, 9197082.4452], [203018.43089796975, 9197086.67504358], [203018.11120000202, 9197091.408200007], [203017.34170000255, 9197094.8007], [203016.02080000006, 9197098.0318], [203014.8639000021, 9197100.237], [203016.77099458408, 9197105.479506608], [203019.0658607278, 9197106.24102023], [203020.8323568739, 9197115.599839348], [203026.22986766696, 9197123.868085051], [203030.000187709, 9197130.945703378], [203033.96894564573, 9197141.793641739], [203043.86321942415, 9197146.967534412], [203055.53068120126, 9197170.162895095], [203059.10256334487, 9197182.069168905], [203068.15681325458, 9197181.234966407], [203078.6199303968, 9197249.359307518], [203111.76925679203, 9197250.109233191], [203107.02012725733, 9197254.258989125], [203222.79811392818, 9197349.448486948], [203233.89310673438, 9197333.502475211], [203248.9743868988, 9197320.80244981], [203277.28486018628, 9197302.016995572], [203298.98073691037, 9197290.110721761], [203325.70370702166, 9197277.67528022], [203348.19333533477, 9197269.20859662], [203366.4496218469, 9197261.535664609], [203383.973375679, 9197259.722711952], [203384.0434598429, 9197259.610076757], [203384.3641297873, 9197249.868571987], [203385.70852240082, 9197244.873166589], [203389.93601058237, 9197241.474852659], [203399.20167576894, 9197230.996333696], [203405.551484243, 9197224.450569306], [203410.59277898353, 9197216.843712386], [203414.0485711284, 9197210.544139216], [203416.71083211154, 9197205.029870916], [203423.09807291627, 9197192.164283589], [203420.756479864, 9197187.937049257], [203414.73670506757, 9197183.161354586], [203407.66201070696, 9197178.90607958], [203399.8218678143, 9197170.69623976], [203395.9212985756, 9197163.299744036], [203394.1399324797, 9197153.28245073], [203394.21481927764, 9197140.64280248], [203394.09256561473, 9197125.621788181], [203394.06264161598, 9197121.945098061], [203395.01375346538, 9197094.563867167], [203395.37811976857, 9197077.449234618], [203395.52903011255, 9197071.71282619], [203395.71752328053, 9197064.547818212], [203393.75435634982, 9197040.836012308], [203392.72440359835, 9197037.14321556], [203389.31542325858, 9197035.543003557], [203386.16939249728, 9197033.94434942], [203385.59610065818, 9197033.438102368], [203383.85739401076, 9197019.429508954], [203383.92073311657, 9196993.658490408], [203383.93876786157, 9196986.320625946], [203378.3812381085, 9196978.777744493], [203370.25822648685, 9196967.752897765], [203369.376882378, 9196962.571982907], [203367.20896157715, 9196949.828024006], [203365.172479189, 9196938.492535066], [203359.43442406133, 9196930.558465693], [203351.123118517, 9196921.769657258], [203341.40332850255, 9196911.491443807], [203336.17713021487, 9196905.930421714], [203325.36430846062, 9196866.892684035], [203324.74776455387, 9196863.353034467], [203322.0583742652, 9196847.912935125], [203204.83812810387, 9196843.867976382], [203181.5824121451, 9196845.285342371], [203031.95028445963, 9196841.409187905], [203031.95611730684, 9196841.543982474]]]}, "properties": {"Id": 0, "Nama_RT": "RT 003", "Luas": 13.7956079575}}, {"type": "Feature", "geometry": {"type": "Polygon", "coordinates": [[[203078.6199303968, 9197249.359307518], [203068.15681325458, 9197181.234966407], [203059.10256334487, 9197182.069168905], [203047.00014184508, 9197183.709017245], [203049.5136885401, 9197198.65800548], [203048.98452081438, 9197201.568427969], [203047.5293095708, 9197203.288223075], [203049.64598046988, 9197240.859131554], [203044.22201128863, 9197242.314342799], [203038.44085389376, 9197242.28788441], [203027.65906149428, 9197244.880806267], [203025.5159322098, 9197246.309559124], [203020.47560962848, 9197248.214562934], [203019.44373256527, 9197248.849564204], [203022.57905133348, 9197258.493645994], [203014.00653418805, 9197262.46240393], [203014.95903609227, 9197266.27241155], [202994.40086997487, 9197271.43179687], [202996.8614998972, 9197282.306193618], [202992.2312823031, 9197282.967653276], [202989.02540783398, 9197284.180329314], [202986.90873693489, 9197290.72877991], [202984.06446041353, 9197312.02778084], [202979.96341054514, 9197329.556461733], [202975.01295936294, 9197350.1033646], [202985.54140000138, 9197355.5385], [202991.0582332015, 9197357.613581646], [202995.14430000074, 9197359.150500001], [203009.40250000078, 9197362.632100005], [203029.91719101183, 9197366.066152163], [203044.6306000026, 9197368.529100005], [203070.71590000112, 9197373.0288], [203078.51340000145, 9197375.129], [203083.7875000015, 9197377.056300003], [203088.66579999868, 9197379.218300002], [203092.59360000398, 9197382.006600002], [203099.66010000184, 9197387.657500003], [203105.19180767238, 9197392.80051266], [203108.21179999877, 9197395.6083], [203113.2286000019, 9197401.0101], [203120.04480000213, 9197408.950600002], [203130.68330000062, 9197424.1818], [203140.6937702354, 9197443.782296501], [203144.43621514738, 9197451.110002058], [203147.76170000155, 9197457.621300003], [203170.04316060338, 9197500.159363046], [203190.1176187899, 9197465.711105222], [203198.61940425355, 9197451.121834874], [203214.1722710617, 9197385.720824672], [203217.1267158119, 9197373.297155531], [203222.79811392818, 9197349.448486948], [203202.11744652223, 9197332.445407161], [203173.61445903592, 9197309.011029493], [203162.98528075684, 9197300.272009484], [203161.0198986316, 9197298.656125987], [203114.84241893142, 9197260.690263651], [203107.02012725733, 9197254.258989125], [203111.76925679203, 9197250.109233191], [203078.6199303968, 9197249.359307518]]]}, "properties": {"Id": 0, "Nama_RT": "RT 005", "Luas": 3.21430322464}}, {"type": "Feature", "geometry": {"type": "Polygon", "coordinates": [[[203043.86321942415, 9197146.967534412], [203036.20814493764, 9197148.24665776], [203011.12834485155, 9197152.437362622], [202993.34830929153, 9197155.771119291], [202987.47454754356, 9197155.771119291], [202986.04579468537, 9197158.152374052], [202985.88704437017, 9197159.739877228], [202980.6482838923, 9197162.12113199], [202972.8695183359, 9197164.819887388], [202971.44076547492, 9197160.851129448], [202945.21214379743, 9197167.40094956], [202945.20530932117, 9197167.36872744], [202942.3453000011, 9197153.884800004], [202940.1491055563, 9197140.450085], [202937.72807336878, 9197140.84585502], [202912.0416883435, 9197146.199798057], [202874.33848793525, 9197145.935214194], [202866.66555592604, 9197146.067506127], [202865.73951241001, 9197146.993549647], [202863.88742536958, 9197147.787301233], [202858.59574812092, 9197148.184177026], [202853.375381059, 9197148.725312635], [202836.89987139404, 9197150.43313986], [202836.23841173947, 9197151.226891445], [202834.6509085605, 9197151.226891445], [202833.5925731128, 9197152.68210269], [202826.05193302967, 9197152.54981076], [202820.7602557838, 9197152.946686551], [202817.7175413631, 9197153.740438137], [202812.69044797588, 9197154.269605866], [202808.19252231345, 9197154.666481659], [202805.28209982533, 9197154.79877359], [202802.50396926887, 9197155.063357452], [202799.85813064408, 9197155.857109042], [202794.16957760137, 9197156.783152558], [202785.43831013888, 9197157.04773642], [202779.08829743695, 9197157.709196076], [202769.56327838916, 9197159.693575043], [202757.78929650597, 9197160.751910495], [202751.83615959994, 9197161.942537878], [202741.69786188751, 9197162.33108309], [202740.35405811016, 9197162.341105122], [202737.6753276987, 9197180.459205206], [202737.15610862523, 9197183.971078034], [202737.16319500562, 9197184.761000047], [202737.2774063805, 9197197.500199923], [202737.48877730034, 9197206.191573594], [202737.55321441777, 9197206.460344309], [202739.67630000226, 9197215.318100002], [202753.9257645039, 9197241.38163957], [202762.23825879022, 9197252.907101152], [202766.8373731058, 9197259.283877304], [202769.63280000072, 9197263.159800002], [202775.99220894184, 9197268.024690315], [202777.20572897885, 9197268.952985993], [202780.47717200406, 9197273.59758319], [202783.17989138607, 9197275.880410206], [202786.75672715157, 9197278.901585892], [202790.45461348072, 9197282.446450023], [202790.54665460438, 9197282.534686994], [202796.4312693635, 9197288.175785962], [202808.72590841632, 9197299.045530355], [202810.6715080915, 9197300.735726692], [202814.2197807692, 9197303.818205051], [202816.55820471328, 9197308.572127368], [202824.90702128224, 9197319.681811871], [202831.02442172542, 9197329.213080987], [202832.20249328203, 9197331.04858451], [202833.3296264978, 9197332.688781792], [202838.19881209265, 9197339.774273787], [202845.49583049398, 9197350.877692271], [202853.5801807018, 9197362.249114579], [202859.31511210278, 9197370.709908713], [202882.20677103754, 9197360.206250388], [202914.4860022636, 9197352.070296615], [202931.9088496128, 9197351.091336321], [202950.01254577376, 9197350.778661672], [202952.180300002, 9197338.4871], [202956.99310000055, 9197340.675000004], [202970.83430000115, 9197347.946200002], [202975.01295936294, 9197350.1033646], [202979.96341054514, 9197329.556461733], [202984.06446041353, 9197312.02778084], [202986.90873693489, 9197290.72877991], [202989.02540783398, 9197284.180329314], [202992.2312823031, 9197282.967653276], [202996.8614998972, 9197282.306193618], [202994.40086997487, 9197271.43179687], [203014.95903609227, 9197266.27241155], [203014.00653418805, 9197262.46240393], [203022.57905133348, 9197258.493645994], [203019.44373256527, 9197248.849564204], [203020.47560962848, 9197248.214562934], [203025.5159322098, 9197246.309559124], [203027.65906149428, 9197244.880806267], [203038.44085389376, 9197242.28788441], [203044.22201128863, 9197242.314342799], [203049.64598046988, 9197240.859131554], [203047.5293095708, 9197203.288223077], [203048.98452081438, 9197201.568427969], [203049.5136885401, 9197198.65800548], [203047.00014184508, 9197183.709017245], [203059.10256334487, 9197182.069168905], [203055.53068120126, 9197170.162895095], [203043.86321942415, 9197146.967534412]]]}, "properties": {"Id": 0, "Nama_RT": "RT 004", "Luas": 4.87796147618}}]}